Image,Annotation,Astrocyte_Count,Annotation_Area_mm2,Astrocytes_per_mm2
2026_05_25__RecognizedCode_03-Scene-10-ScanRegion9_maxproj,DG,293,0.4448,658.70
2026_05_25__RecognizedCode_03-Scene-10-ScanRegion9_maxproj,DG,287,0.4448,645.21
2026_05_25__RecognizedCode_03-Scene-10-ScanRegion9_maxproj,DG,273,0.4448,613.74
2026_05_25__RecognizedCode_03-Scene-10-ScanRegion9_maxproj,DG,113,0.4448,254.04
2026_05_25__RecognizedCode_03-Scene-10-ScanRegion9_maxproj,DG,495,0.4448,1112.83
2026_05_25__RecognizedCode_03-Scene-10-ScanRegion9_maxproj,DG,410,0.4448,921.73
2026_05_25__RecognizedCode_03-Scene-10-ScanRegion9_maxproj,DG,375,0.4448,843.05
2026_05_25__RecognizedCode_03-Scene-10-ScanRegion9_maxproj,DG,346,0.4448,777.85
2026_05_25__RecognizedCode_03-Scene-10-ScanRegion9_maxproj,DG,94,0.4448,211.32
2026_05_25__RecognizedCode_03-Scene-10-ScanRegion9_maxproj,DG,475,0.4448,1067.86
2026_05_25__RecognizedCode_03-Scene-10-ScanRegion9_maxproj,DG,16,0.6603,24.23
2026_05_25__RecognizedCode_03-Scene-10-ScanRegion9_maxproj,DG,815,0.6603,1234.29
2026_05_25__RecognizedCode_03-Scene-10-ScanRegion9_maxproj,DG,507,0.6603,767.84
2026_05_25__RecognizedCode_03-Scene-10-ScanRegion9_maxproj,DG,49,0.6603,74.21
2026_05_25__RecognizedCode_03-Scene-10-ScanRegion9_maxproj,DG,513,0.6603,776.92
2026_05_25__RecognizedCode_03-Scene-10-ScanRegion9_maxproj,DG,513,0.6603,776.92
2026_05_25__RecognizedCode_03-Scene-10-ScanRegion9_maxproj,DG,513,0.6603,776.92
2026_05_25__RecognizedCode_03-Scene-10-ScanRegion9_maxproj,DG,13,0.6603,19.69
2026_05_25__RecognizedCode_03-Scene-10-ScanRegion9_maxproj,DG,619,0.6603,937.46
2026_05_25__RecognizedCode_03-Scene-10-ScanRegion9_maxproj,DG,619,0.6603,937.46,2026-06-17 13:26:04
2026_05_25__RecognizedCode_03-Scene-10-ScanRegion9_maxproj,DG,619,0.6603,937.46,2026-06-18 21:06:41
2026_05_25__RecognizedCode_04-Scene-01-ScanRegion0_maxproj,DG,607,0.6459,939.82,2026-06-18 21:07:02
2026_05_25__RecognizedCode_04-Scene-02-ScanRegion1_maxproj,DG,698,0.8601,811.54,2026-06-18 21:07:30
2026_05_25__RecognizedCode_04-Scene-03-ScanRegion2_maxproj,DG,577,0.6427,897.72,2026-06-18 21:07:49
2026_05_25__RecognizedCode_04-Scene-04-ScanRegion3_maxproj,DG,594,0.6359,934.08,2026-06-18 21:08:07
2026_05_25__RecognizedCode_04-Scene-05-ScanRegion4_maxproj,DG,390,0.5917,659.14,2026-06-18 21:08:33
2026_05_25__RecognizedCode_04-Scene-06-ScanRegion5_maxproj,DG,236,0.5205,453.40,2026-06-18 21:08:49
2026_05_25__RecognizedCode_04-Scene-07-ScanRegion6_maxproj,DG,669,0.7069,946.39,2026-06-18 21:09:06
2026_05_25__RecognizedCode_04-Scene-08-ScanRegion7_maxproj,DG,687,0.8057,852.67,2026-06-18 21:09:23
2026_05_25__RecognizedCode_04-Scene-09-ScanRegion8_maxproj,DG,861,0.8241,1044.82,2026-06-18 21:09:43
2026_05_25__RecognizedCode_04-Scene-10-ScanRegion9_maxproj,DG,602,0.8101,743.14,2026-06-18 21:10:00
2026_05_25__RecognizedCode_04-Scene-11-ScanRegion10_maxproj,DG,876,0.8998,973.58,2026-06-18 21:10:23
2026_05_25__RecognizedCode_04-Scene-12-ScanRegion11_maxproj,DG,1161,1.5813,734.19,2026-06-18 21:10:44
2026_05_25__RecognizedCode_04-Scene-13-ScanRegion12_maxproj,DG,527,0.7981,660.35,2026-06-18 21:11:09
2026_05_25__RecognizedCode_05-Scene-01-ScanRegion0_maxproj,DG,488,0.7847,621.87,2026-06-18 21:11:30
2026_05_25__RecognizedCode_05-Scene-02-ScanRegion1_maxproj,DG,708,0.9101,777.97,2026-06-18 21:11:46
2026_05_25__RecognizedCode_05-Scene-03-ScanRegion2_maxproj,DG,650,0.8240,788.86,2026-06-18 21:12:04
2026_05_25__RecognizedCode_05-Scene-04-ScanRegion3_maxproj,DG,656,0.8248,795.36,2026-06-18 21:12:23
2026_05_25__RecognizedCode_05-Scene-05-ScanRegion4_maxproj,DG,433,0.6113,708.29,2026-06-18 21:12:44
2026_05_25__RecognizedCode_05-Scene-06-ScanRegion5_maxproj,DG,283,0.4495,629.54,2026-06-18 21:13:01
2026_05_25__RecognizedCode_05-Scene-07-ScanRegion6_maxproj,DG,518,0.6041,857.48,2026-06-18 21:13:17
2026_05_25__RecognizedCode_05-Scene-08-ScanRegion7_maxproj,DG,572,0.6698,853.94,2026-06-18 21:13:39
2026_05_25__RecognizedCode_05-Scene-09-ScanRegion8_maxproj,DG,449,0.7435,603.90,2026-06-18 21:13:58
2026_05_25__RecognizedCode_05-Scene-10-ScanRegion9_maxproj,DG,433,0.6738,642.61,2026-06-18 21:14:16
2026_05_25__RecognizedCode_05-Scene-11-ScanRegion10_maxproj,DG,513,0.5560,922.64,2026-06-18 21:14:30
2026_05_25__RecognizedCode_05-Scene-12-ScanRegion11_maxproj,DG,569,0.6272,907.18,2026-06-18 21:14:47
2026_05_25__RecognizedCode_06-Scene-1-ScanRegion0_maxproj,DG,332,0.5149,644.81,2026-06-18 21:15:04
2026_05_25__RecognizedCode_06-Scene-2-ScanRegion1_maxproj,DG,441,0.7227,610.19,2026-06-18 21:15:21
2026_05_25__RecognizedCode_06-Scene-3-ScanRegion2_maxproj,DG,400,0.6953,575.32,2026-06-18 21:15:39
2026_05_25__RecognizedCode_06-Scene-4-ScanRegion3_maxproj,DG,475,0.6737,705.09,2026-06-18 21:15:56
2026_05_25__RecognizedCode_06-Scene-5-ScanRegion4_maxproj,DG,445,0.5887,755.90,2026-06-18 21:16:13
2026_05_25__RecognizedCode_06-Scene-6-ScanRegion5_maxproj,DG,784,0.7692,1019.21,2026-06-18 21:16:28
2026_05_25__RecognizedCode_06-Scene-7-ScanRegion6_maxproj,DG,511,0.7507,680.69,2026-06-18 21:16:44
2026_05_25__RecognizedCode_06-Scene-8-ScanRegion7_maxproj,DG,1647,1.6531,996.32,2026-06-18 21:17:11
2026_05_25__RecognizedCode_07-Scene-01-ScanRegion0_maxproj,DG,677,0.8677,780.20,2026-06-18 21:17:30
2026_05_25__RecognizedCode_07-Scene-02-ScanRegion1_maxproj,DG,608,0.5832,1042.45,2026-06-18 21:17:49
2026_05_25__RecognizedCode_07-Scene-03-ScanRegion2_maxproj,DG,202,0.5469,369.34,2026-06-18 21:18:08
2026_05_25__RecognizedCode_07-Scene-04-ScanRegion3_maxproj,DG,855,0.7877,1085.48,2026-06-18 21:18:28
2026_05_25__RecognizedCode_07-Scene-05-ScanRegion4_maxproj,DG,477,0.5514,865.02,2026-06-18 21:18:45
2026_05_25__RecognizedCode_07-Scene-06-ScanRegion5_maxproj,DG,587,0.8156,719.75,2026-06-18 21:19:03
2026_05_25__RecognizedCode_07-Scene-07-ScanRegion6_maxproj,DG,703,0.9617,730.97,2026-06-18 21:19:22
2026_05_25__RecognizedCode_07-Scene-08-ScanRegion7_maxproj,DG,484,0.6652,727.60,2026-06-18 21:19:36
2026_05_25__RecognizedCode_07-Scene-09-ScanRegion8_maxproj,DG,420,0.5661,741.98,2026-06-18 21:19:55
2026_05_25__RecognizedCode_07-Scene-10-ScanRegion9_maxproj,DG,570,0.6755,843.85,2026-06-18 21:20:09
2026_05_25__RecognizedCode_07-Scene-11-ScanRegion10_maxproj,DG,717,0.9979,718.53,2026-06-18 21:20:37
2026_05_25__RecognizedCode_07-Scene-12-ScanRegion11_maxproj,DG,754,0.8799,856.95,2026-06-18 21:21:00
2026_05_25__RecognizedCode_07-Scene-13-ScanRegion12_maxproj,DG,1162,1.4330,810.90,2026-06-18 21:21:22
2026_05_25__RecognizedCode_07-Scene-14-ScanRegion13_maxproj,DG,1173,1.3393,875.85,2026-06-18 21:21:45
2026_05_25__RecognizedCode_07-Scene-15-ScanRegion14_maxproj,DG,3118,1.9285,1616.84,2026-06-18 21:22:13
2026_05_25__RecognizedCode_08-Scene-01-ScanRegion0_maxproj,DG,576,0.7292,789.88,2026-06-18 21:22:34
2026_05_25__RecognizedCode_08-Scene-02-ScanRegion1_maxproj,DG,302,0.5899,511.95,2026-06-18 21:22:54
2026_05_25__RecognizedCode_08-Scene-03-ScanRegion2_maxproj,DG,287,0.6106,470.00,2026-06-18 21:23:13
2026_05_25__RecognizedCode_08-Scene-04-ScanRegion3_maxproj,DG,325,0.5305,612.66,2026-06-18 21:23:34
2026_05_25__RecognizedCode_08-Scene-05-ScanRegion4_maxproj,DG,526,0.7058,745.25,2026-06-18 21:23:52
2026_05_25__RecognizedCode_08-Scene-06-ScanRegion5_maxproj,DG,613,0.7773,788.64,2026-06-18 21:24:17
2026_05_25__RecognizedCode_08-Scene-07-ScanRegion6_maxproj,DG,522,0.7931,658.16,2026-06-18 21:24:35
2026_05_25__RecognizedCode_08-Scene-08-ScanRegion7_maxproj,DG,463,0.7604,608.87,2026-06-18 21:24:57
2026_05_25__RecognizedCode_08-Scene-09-ScanRegion8_maxproj,DG,1793,1.9234,932.21,2026-06-18 21:25:24
2026_05_25__RecognizedCode_08-Scene-10-ScanRegion9_maxproj,DG,1733,2.8216,614.20,2026-06-18 21:25:57
2026_05_25__RecognizedCode_08-Scene-11-ScanRegion10_maxproj,DG,555,0.8427,658.58,2026-06-18 21:26:23
2026_05_25__RecognizedCode_08-Scene-12-ScanRegion11_maxproj,DG,578,0.8584,673.36,2026-06-18 21:26:43
2026_05_25__RecognizedCode_08-Scene-13-ScanRegion12_maxproj,DG,758,0.9869,768.03,2026-06-18 21:27:14
2026_05_25__RecognizedCode_08-Scene-14-ScanRegion13_maxproj,DG,629,0.9756,644.72,2026-06-18 21:27:35
2026_05_25__RecognizedCode_08-Scene-15-ScanRegion14_maxproj,DG,586,0.7619,769.15,2026-06-18 21:27:55
2026_05_25__RecognizedCode_08-Scene-16-ScanRegion15_maxproj,DG,629,0.7343,856.55,2026-06-18 21:28:19
2026_05_25__RecognizedCode_09-Scene-01-ScanRegion0_maxproj,DG,612,0.6649,920.43,2026-06-18 21:28:47
2026_05_25__RecognizedCode_09-Scene-02-ScanRegion1_maxproj,DG,1658,1.6132,1027.75,2026-06-18 21:29:25
2026_05_25__RecognizedCode_09-Scene-04-ScanRegion3_maxproj,DG,819,0.7545,1085.46,2026-06-18 21:29:55
2026_05_25__RecognizedCode_09-Scene-05-ScanRegion4_maxproj,DG,1278,1.4751,866.38,2026-06-18 21:30:24
2026_05_25__RecognizedCode_09-Scene-06-ScanRegion5_maxproj,D,884,0.8400,1052.36,2026-06-18 21:30:45
2026_05_25__RecognizedCode_09-Scene-07-ScanRegion6_maxproj,DG,812,0.6176,1314.70,2026-06-18 21:31:10
2026_05_25__RecognizedCode_09-Scene-08-ScanRegion7_maxproj,DG,1148,0.9463,1213.18,2026-06-18 21:31:35
2026_05_25__RecognizedCode_09-Scene-09-ScanRegion8_maxproj,DG,1238,1.1407,1085.25,2026-06-18 21:31:57
2026_05_25__RecognizedCode_10-Scene-01-ScanRegion0_maxproj,DG,768,0.9411,816.02,2026-06-18 21:32:18
2026_05_25__RecognizedCode_10-Scene-02-ScanRegion1_maxproj,DG,522,0.7919,659.16,2026-06-18 21:32:40
2026_05_25__RecognizedCode_10-Scene-03-ScanRegion2_maxproj,DG,1245,1.3138,947.65,2026-06-18 21:33:05
2026_05_25__RecognizedCode_10-Scene-04-ScanRegion3_maxproj,DG,369,0.6345,581.55,2026-06-18 21:33:21
2026_05_25__RecognizedCode_10-Scene-05-ScanRegion4_maxproj,DG,357,0.8669,411.82,2026-06-18 21:33:40
2026_05_25__RecognizedCode_10-Scene-06-ScanRegion5_maxproj,DG,716,0.7607,941.27,2026-06-18 21:33:58
2026_05_25__RecognizedCode_10-Scene-07-ScanRegion6_maxproj,DG,738,0.7539,978.97,2026-06-18 21:34:16
2026_05_25__RecognizedCode_10-Scene-08-ScanRegion7_maxproj,DG,718,0.9836,729.95,2026-06-18 21:34:37
2026_05_25__RecognizedCode_10-Scene-09-ScanRegion8_maxproj,DG,769,0.8628,891.33,2026-06-18 21:35:00
2026_05_25__RecognizedCode_10-Scene-10-ScanRegion9_maxproj,DG,855,0.8512,1004.46,2026-06-18 21:35:27
2026_05_25__RecognizedCode_10-Scene-12-ScanRegion11_maxproj,DG,720,0.8367,860.52,2026-06-18 21:35:52
2026_05_25__RecognizedCode_11-Scene-01-ScanRegion0_maxproj,DG,389,0.6782,573.59,2026-06-18 21:36:18
2026_05_25__RecognizedCode_11-Scene-02-ScanRegion1_maxproj,DG,484,0.6667,725.98,2026-06-18 21:36:42
2026_05_25__RecognizedCode_11-Scene-03-ScanRegion2_maxproj,DG,626,0.7701,812.92,2026-06-18 21:36:59
2026_05_25__RecognizedCode_11-Scene-04-ScanRegion3_maxproj,DG,449,0.7955,564.41,2026-06-18 21:37:24
2026_05_25__RecognizedCode_11-Scene-05-ScanRegion4_maxproj,DG,411,0.5964,689.08,2026-06-18 21:37:40
2026_05_25__RecognizedCode_11-Scene-06-ScanRegion5_maxproj,DG,471,0.6937,679.00,2026-06-18 21:38:03
2026_05_25__RecognizedCode_11-Scene-07-ScanRegion6_maxproj,DG,683,0.9188,743.34,2026-06-18 21:38:26
2026_05_25__RecognizedCode_11-Scene-08-ScanRegion7_maxproj,DG,444,0.6448,688.62,2026-06-18 21:38:47
2026_05_25__RecognizedCode_11-Scene-09-ScanRegion8_maxproj,DG,470,0.7700,610.37,2026-06-18 21:39:04
2026_05_25__RecognizedCode_11-Scene-10-ScanRegion9_maxproj,DG,1084,1.8394,589.33,2026-06-18 21:39:40
2026_05_25__RecognizedCode_11-Scene-11-ScanRegion10_maxproj,DG,558,0.8626,646.86,2026-06-18 21:40:08
2026_05_25__RecognizedCode_11-Scene-12-ScanRegion11_maxproj,DG,507,0.8427,601.63,2026-06-18 21:40:31
2026_05_25__RecognizedCode_11-Scene-13-ScanRegion12_maxproj,DG,979,1.4923,656.05,2026-06-18 21:41:14
2026_05_25__RecognizedCode_12-Scene-01-ScanRegion0_maxproj,DG,751,0.8058,931.96,2026-06-18 21:41:35
2026_05_25__RecognizedCode_12-Scene-02-ScanRegion1_maxproj,DG,853,0.9801,870.36,2026-06-18 21:42:01
2026_05_25__RecognizedCode_12-Scene-03-ScanRegion2_maxproj,DG,730,0.5797,1259.27,2026-06-18 21:42:19
2026_05_25__RecognizedCode_12-Scene-04-ScanRegion3_maxproj,DG,994,0.7767,1279.71,2026-06-18 21:42:45
2026_05_25__RecognizedCode_12-Scene-05-ScanRegion4_maxproj,DG,686,0.5600,1225.00,2026-06-18 21:43:07
2026_05_25__RecognizedCode_12-Scene-06-ScanRegion5_maxproj,DG,556,0.5920,939.27,2026-06-18 21:43:29
2026_05_25__RecognizedCode_12-Scene-07-ScanRegion6_maxproj,DG,763,0.8685,878.57,2026-06-18 21:43:52
2026_05_25__RecognizedCode_12-Scene-08-ScanRegion7_maxproj,DG,636,0.8371,759.74,2026-06-18 21:44:16
2026_05_25__RecognizedCode_12-Scene-09-ScanRegion8_maxproj,DG,954,0.8115,1175.64,2026-06-18 21:44:42
2026_05_25__RecognizedCode_12-Scene-10-ScanRegion9_maxproj,DG,2035,1.4531,1400.48,2026-06-18 21:45:10
2026_05_25__RecognizedCode_01-Scene-01-ScanRegion0_maxproj,DG,758,3.6902,205.41,2026-06-18 21:46:38
2026_05_25__RecognizedCode_01-Scene-03-ScanRegion2_maxproj,DG,727,3.0670,237.04,2026-06-18 21:47:43
2026_05_25__RecognizedCode_01-Scene-05-ScanRegion4_maxproj,DG,622,0.6330,982.64,2026-06-18 21:48:12
2026_05_25__RecognizedCode_01-Scene-06-ScanRegion5_maxproj,DG,798,0.7703,1035.98,2026-06-18 21:48:33
2026_05_25__RecognizedCode_01-Scene-07-ScanRegion6_maxproj,DG,568,0.7604,747.00,2026-06-18 21:48:53
2026_05_25__RecognizedCode_01-Scene-08-ScanRegion7_maxproj,DG,809,0.7028,1151.16,2026-06-18 21:49:10
2026_05_25__RecognizedCode_01-Scene-09-ScanRegion8_maxproj,DG,739,0.8437,875.92,2026-06-18 21:49:32
2026_05_25__RecognizedCode_01-Scene-10-ScanRegion9_maxproj,DG,684,0.8029,851.95,2026-06-18 21:49:58
2026_05_25__RecognizedCode_01-Scene-11-ScanRegion10_maxproj,DG,642,0.8312,772.39,2026-06-18 21:50:18
2026_05_25__RecognizedCode_01-Scene-12-ScanRegion11_maxproj,DG,2157,1.8823,1145.95,2026-06-18 21:50:54
2026_05_25__RecognizedCode_01-Scene-13-ScanRegion12_maxproj,DG,1113,1.1147,998.50,2026-06-18 21:51:15
2026_05_25__RecognizedCode_02-Scene-01-ScanRegion0_maxproj,DG,653,0.8542,764.42,2026-06-18 21:51:40
2026_05_25__RecognizedCode_02-Scene-02-ScanRegion1_maxproj,DG,714,0.9286,768.88,2026-06-18 21:52:06
2026_05_25__RecognizedCode_02-Scene-03-ScanRegion2_maxproj,DG,613,0.6575,932.32,2026-06-18 21:52:21
2026_05_25__RecognizedCode_02-Scene-04-ScanRegion3_maxproj,DG,427,0.6802,627.77,2026-06-18 21:52:41
2026_05_25__RecognizedCode_02-Scene-05-ScanRegion4_maxproj,DG,626,0.8063,776.37,2026-06-18 21:53:03
2026_05_25__RecognizedCode_02-Scene-06-ScanRegion5_maxproj,DG,518,0.5983,865.75,2026-06-18 21:53:23
2026_05_25__RecognizedCode_02-Scene-07-ScanRegion6_maxproj,DG,538,0.6142,875.94,2026-06-18 21:53:44
2026_05_25__RecognizedCode_02-Scene-08-ScanRegion7_maxproj,DG,505,0.6627,762.00,2026-06-18 21:54:08
2026_05_25__RecognizedCode_02-Scene-09-ScanRegion8_maxproj,DG,688,0.8509,808.57,2026-06-18 21:54:29
2026_05_25__RecognizedCode_02-Scene-10-ScanRegion9_maxproj,DG,797,0.9362,851.31,2026-06-18 21:54:51
2026_05_25__RecognizedCode_02-Scene-11-ScanRegion10_maxproj,DG,1181,1.1856,996.12,2026-06-18 21:55:13
2026_05_25__RecognizedCode_02-Scene-13-ScanRegion12_maxproj,DG,687,0.8421,815.80,2026-06-18 21:55:32
2026_05_25__RecognizedCode_03-Scene-01-ScanRegion0_maxproj,DG,531,0.5685,934.04,2026-06-18 21:55:50
2026_05_25__RecognizedCode_03-Scene-02-ScanRegion1_maxproj,DG,368,0.5057,727.78,2026-06-18 21:56:08
2026_05_25__RecognizedCode_03-Scene-03-ScanRegion2_maxproj,DG,436,0.5707,763.98,2026-06-18 21:56:27
2026_05_25__RecognizedCode_03-Scene-04-ScanRegion3_maxproj,DG,1401,1.2810,1093.69,2026-06-18 21:56:56
2026_05_25__RecognizedCode_03-Scene-05-ScanRegion4_maxproj,DG,1003,0.8947,1121.03,2026-06-18 21:57:21
2026_05_25__RecognizedCode_03-Scene-06-ScanRegion5_maxproj,DG,599,0.5219,1147.72,2026-06-18 21:57:41
2026_05_25__RecognizedCode_03-Scene-07-ScanRegion6_maxproj,DG,1315,1.4829,886.75,2026-06-18 21:58:22
2026_05_25__RecognizedCode_03-Scene-08-ScanRegion7_maxproj,DG,985,0.8885,1108.61,2026-06-18 21:58:50
2026_05_25__RecognizedCode_03-Scene-09-ScanRegion8_maxproj,DG,792,0.7347,1077.95,2026-06-18 21:59:18
2026_05_25__RecognizedCode_03-Scene-09-ScanRegion8_maxproj,DG,792,0.7347,1077.95,2026-06-18 22:02:01
