Image,Annotation,Mean_GFAP_Intensity,Mean_DAPI_Intensity,GFAP_DAPI_Ratio,Annotation_Area_mm2,Timestamp
2026_05_25__RecognizedCode_01-Scene-01-ScanRegion0_maxproj_4ch.ome.tiff,DG,2053.2180,921.9521,2.227033,0.4335,2026-07-06 20:09:53
2026_05_25__RecognizedCode_02-Scene-10-ScanRegion9_maxproj_4ch.ome.tiff,DG,2925.4785,1398.4686,2.091916,0.4457,2026-07-06 20:10:42
2026_05_25__RecognizedCode_02-Scene-11-ScanRegion10_maxproj_4ch.ome.tiff,DG,4538.4894,1389.8116,3.265543,0.5645,2026-07-06 20:11:03
2026_05_25__RecognizedCode_02-Scene-13-ScanRegion12_maxproj_4ch.ome.tiff,DG,2807.8265,1103.0772,2.545449,0.4009,2026-07-06 20:11:27
2026_05_25__RecognizedCode_03-Scene-01-ScanRegion0_maxproj_4ch.ome.tiff,DG,2673.0722,549.7612,4.862243,0.2707,2026-07-06 20:11:43
2026_05_25__RecognizedCode_03-Scene-02-ScanRegion1_maxproj_4ch.ome.tiff,DG,3231.4923,515.9466,6.263230,0.2407,2026-07-06 20:11:56
2026_05_25__RecognizedCode_03-Scene-03-ScanRegion2_maxproj_4ch.ome.tiff,DG,2901.5128,470.5165,6.166655,0.2717,2026-07-06 20:12:11
2026_05_25__RecognizedCode_03-Scene-04-ScanRegion3_maxproj_4ch.ome.tiff,DG,2658.3746,519.4909,5.117269,0.6099,2026-07-06 20:12:20
2026_05_25__RecognizedCode_03-Scene-05-ScanRegion4_maxproj_4ch.ome.tiff,DG,2773.5517,820.2590,3.381312,0.426,2026-07-06 20:12:52
2026_05_25__RecognizedCode_03-Scene-06-ScanRegion5_maxproj_4ch.ome.tiff,DG,3433.7216,1265.8435,2.712596,0.2485,2026-07-06 20:13:05
2026_05_25__RecognizedCode_03-Scene-07-ScanRegion6_maxproj_4ch.ome.tiff,DG,2803.9744,610.9452,4.589568,0.706,2026-07-06 20:13:20
2026_05_25__RecognizedCode_03-Scene-08-ScanRegion7_maxproj_4ch.ome.tiff,DG,2549.0221,407.9947,6.247685,0.423,2026-07-06 20:13:55
2026_05_25__RecognizedCode_03-Scene-09-ScanRegion8_maxproj_4ch.ome.tiff,DG,2357.7047,511.2514,4.611635,0.3498,2026-07-06 20:14:13
2026_05_25__RecognizedCode_03-Scene-10-ScanRegion9_maxproj_4ch.ome.tiff,DG,2547.3825,385.4520,6.608819,0.3144,2026-07-06 20:14:41
2026_05_25__RecognizedCode_04-Scene-01-ScanRegion0_maxproj_4ch.ome.tiff,DG,2025.5850,816.0673,2.482130,0.3075,2026-07-06 20:15:00
2026_05_25__RecognizedCode_04-Scene-02-ScanRegion1_maxproj_4ch.ome.tiff,DG,2485.4014,660.4283,3.763318,0.4095,2026-07-06 20:15:12
2026_05_25__RecognizedCode_04-Scene-03-ScanRegion2_maxproj_4ch.ome.tiff,DG,3324.6065,1046.5931,3.176599,0.306,2026-07-06 20:15:29
2026_05_25__RecognizedCode_04-Scene-04-ScanRegion3_maxproj_4ch.ome.tiff,DG,2263.9191,815.5177,2.776051,0.3028,2026-07-06 20:15:39
2026_05_25__RecognizedCode_04-Scene-05-ScanRegion4_maxproj_4ch.ome.tiff,DG,2580.3094,851.2027,3.031369,0.2817,2026-07-06 20:15:59
2026_05_25__RecognizedCode_04-Scene-06-ScanRegion5_maxproj_4ch.ome.tiff,DG,2425.6704,932.1658,2.602188,0.2478,2026-07-06 20:16:08
2026_05_25__RecognizedCode_04-Scene-07-ScanRegion6_maxproj_4ch.ome.tiff,DG,1996.0410,888.9019,2.245513,0.3366,2026-07-06 20:16:17
2026_05_25__RecognizedCode_04-Scene-08-ScanRegion7_maxproj_4ch.ome.tiff,DG,1979.1378,760.6763,2.601813,0.3836,2026-07-06 20:16:29
2026_05_25__RecognizedCode_04-Scene-09-ScanRegion8_maxproj_4ch.ome.tiff,DG,2072.7624,595.7828,3.479057,0.3923,2026-07-06 20:16:59
2026_05_25__RecognizedCode_04-Scene-10-ScanRegion9_maxproj_4ch.ome.tiff,DG,2921.6307,659.1335,4.432533,0.3857,2026-07-06 20:17:18
2026_05_25__RecognizedCode_04-Scene-11-ScanRegion10_maxproj_4ch.ome.tiff,DG,2162.4880,794.6600,2.721274,0.4284,2026-07-06 20:17:32
2026_05_25__RecognizedCode_04-Scene-12-ScanRegion11_maxproj_4ch.ome.tiff,DG,2038.4727,732.6080,2.782488,0.7529,2026-07-06 20:17:48
2026_05_25__RecognizedCode_04-Scene-13-ScanRegion12_maxproj_4ch.ome.tiff,DG,2214.0298,1057.7982,2.093055,0.38,2026-07-06 20:18:08
2026_05_25__RecognizedCode_05-Scene-01-ScanRegion0_maxproj_4ch.ome.tiff,DG,1865.6037,978.6302,1.906342,0.3736,2026-07-06 20:18:21
2026_05_25__RecognizedCode_05-Scene-02-ScanRegion1_maxproj_4ch.ome.tiff,DG,1979.6777,987.4675,2.004803,0.4333,2026-07-06 20:18:37
2026_05_25__RecognizedCode_05-Scene-03-ScanRegion2_maxproj_4ch.ome.tiff,DG,1826.9899,1124.0732,1.625330,0.3923,2026-07-06 20:18:51
2026_05_25__RecognizedCode_05-Scene-04-ScanRegion3_maxproj_4ch.ome.tiff,DG,1955.7433,962.0403,2.032912,0.3927,2026-07-06 20:19:16
2026_05_25__RecognizedCode_05-Scene-05-ScanRegion4_maxproj_4ch.ome.tiff,DG,2211.5956,809.4504,2.732219,0.2911,2026-07-06 20:19:31
2026_05_25__RecognizedCode_05-Scene-06-ScanRegion5_maxproj_4ch.ome.tiff,DG,2290.9707,805.3151,2.844813,0.214,2026-07-06 20:19:53
2026_05_25__RecognizedCode_05-Scene-07-ScanRegion6_maxproj_4ch.ome.tiff,DG,1969.2159,1216.7618,1.618407,0.2876,2026-07-06 20:20:12
2026_05_25__RecognizedCode_05-Scene-08-ScanRegion7_maxproj_4ch.ome.tiff,DG,2024.9091,1052.2793,1.924308,0.3189,2026-07-06 20:20:35
2026_05_25__RecognizedCode_05-Scene-09-ScanRegion8_maxproj_4ch.ome.tiff,DG,1678.3413,1116.8842,1.502700,0.354,2026-07-06 20:21:07
2026_05_25__RecognizedCode_05-Scene-10-ScanRegion9_maxproj_4ch.ome.tiff,DG,2032.5132,1159.4300,1.753028,0.3208,2026-07-06 20:21:20
2026_05_25__RecognizedCode_05-Scene-11-ScanRegion10_maxproj_4ch.ome.tiff,DG,2182.3402,1727.8301,1.263053,0.2647,2026-07-06 20:21:38
2026_05_25__RecognizedCode_05-Scene-12-ScanRegion11_maxproj_4ch.ome.tiff,DG,2250.0422,1178.4176,1.909376,0.2986,2026-07-06 20:21:46
2026_05_25__RecognizedCode_06-Scene-1-ScanRegion0_maxproj_4ch.ome.tiff,DG,2632.9712,693.9739,3.794050,0.2451,2026-07-06 20:22:03
2026_05_25__RecognizedCode_06-Scene-2-ScanRegion1_maxproj_4ch.ome.tiff,DG,2756.6543,615.4114,4.479368,0.3441,2026-07-06 20:22:24
2026_05_25__RecognizedCode_06-Scene-3-ScanRegion2_maxproj_4ch.ome.tiff,DG,2449.5467,758.9337,3.227616,0.331,2026-07-06 20:22:41
2026_05_25__RecognizedCode_06-Scene-4-ScanRegion3_maxproj_4ch.ome.tiff,DG,2494.3584,899.7868,2.772166,0.3207,2026-07-06 20:23:06
2026_05_25__RecognizedCode_06-Scene-5-ScanRegion4_maxproj_4ch.ome.tiff,DG,2969.8264,753.6927,3.940368,0.2803,2026-07-06 20:23:26
2026_05_25__RecognizedCode_06-Scene-6-ScanRegion5_maxproj_4ch.ome.tiff,DG,2899.1074,726.7839,3.988954,0.3662,2026-07-06 20:23:38
2026_05_25__RecognizedCode_06-Scene-7-ScanRegion6_maxproj_4ch.ome.tiff,DG,2953.3076,947.8570,3.115773,0.3574,2026-07-06 20:23:55
2026_05_25__RecognizedCode_06-Scene-8-ScanRegion7_maxproj_4ch.ome.tiff,DG,2422.1662,468.7503,5.167284,0.787,2026-07-06 20:24:09
2026_05_25__RecognizedCode_07-Scene-01-ScanRegion0_maxproj_4ch.ome.tiff,DG,1939.7334,1049.9199,1.847506,0.4131,2026-07-06 20:24:28
2026_05_25__RecognizedCode_07-Scene-02-ScanRegion1_maxproj_4ch.ome.tiff,DG,1900.6740,1304.9075,1.456558,0.2777,2026-07-06 20:24:45
2026_05_25__RecognizedCode_07-Scene-03-ScanRegion2_maxproj_4ch.ome.tiff,DG,3106.3189,1658.0201,1.873511,0.2604,2026-07-06 20:25:05
2026_05_25__RecognizedCode_07-Scene-04-ScanRegion3_maxproj_4ch.ome.tiff,DG,1906.9306,920.9076,2.070708,0.375,2026-07-06 20:25:20
2026_05_25__RecognizedCode_07-Scene-05-ScanRegion4_maxproj_4ch.ome.tiff,DG,2000.0118,1310.1343,1.526570,0.2625,2026-07-06 20:25:35
2026_05_25__RecognizedCode_07-Scene-06-ScanRegion5_maxproj_4ch.ome.tiff,DG,1834.3560,1081.4978,1.696125,0.3883,2026-07-06 20:25:48
2026_05_25__RecognizedCode_07-Scene-07-ScanRegion6_maxproj_4ch.ome.tiff,DG,1887.4658,1141.0262,1.654183,0.4579,2026-07-06 20:25:58
2026_05_25__RecognizedCode_07-Scene-08-ScanRegion7_maxproj_4ch.ome.tiff,DG,1865.9698,1425.1693,1.309297,0.3167,2026-07-06 20:26:18
2026_05_25__RecognizedCode_07-Scene-09-ScanRegion8_maxproj_4ch.ome.tiff,DG,2096.5725,1385.0956,1.513666,0.2695,2026-07-06 20:26:28
2026_05_25__RecognizedCode_07-Scene-10-ScanRegion9_maxproj_4ch.ome.tiff,DG,2009.6733,1050.7574,1.912595,0.3216,2026-07-06 20:26:39
2026_05_25__RecognizedCode_07-Scene-11-ScanRegion10_maxproj_4ch.ome.tiff,DG,2052.6262,1160.6719,1.768481,0.4751,2026-07-06 20:26:58
2026_05_25__RecognizedCode_07-Scene-12-ScanRegion11_maxproj_4ch.ome.tiff,DG,2018.7099,1226.0608,1.646501,0.4189,2026-07-06 20:27:28
2026_05_25__RecognizedCode_07-Scene-13-ScanRegion12_maxproj_4ch.ome.tiff,DG,1790.9523,917.0313,1.952989,0.6822,2026-07-06 20:27:47
2026_05_25__RecognizedCode_07-Scene-14-ScanRegion13_maxproj_4ch.ome.tiff,DG,1549.3348,578.2739,2.679240,0.6376,2026-07-06 20:28:06
2026_05_25__RecognizedCode_07-Scene-15-ScanRegion14_maxproj_4ch.ome.tiff,DG,1876.9815,661.7863,2.836235,0.9181,2026-07-06 20:28:29
2026_05_25__RecognizedCode_08-Scene-01-ScanRegion0_maxproj_4ch.ome.tiff,DG,2801.9868,830.6104,3.373407,0.3472,2026-07-06 20:28:47
2026_05_25__RecognizedCode_08-Scene-02-ScanRegion1_maxproj_4ch.ome.tiff,DG,2994.5362,824.7169,3.630987,0.2809,2026-07-06 20:29:01
2026_05_25__RecognizedCode_08-Scene-03-ScanRegion2_maxproj_4ch.ome.tiff,DG,2747.6525,1232.0958,2.230064,0.2907,2026-07-06 20:29:12
2026_05_25__RecognizedCode_08-Scene-04-ScanRegion3_maxproj_4ch.ome.tiff,DG,2687.8751,1092.4377,2.460438,0.2526,2026-07-06 20:29:23
2026_05_25__RecognizedCode_08-Scene-05-ScanRegion4_maxproj_4ch.ome.tiff,DG,2669.8203,817.1623,3.267185,0.336,2026-07-06 20:29:41
2026_05_25__RecognizedCode_08-Scene-06-ScanRegion5_maxproj_4ch.ome.tiff,DG,2602.4092,921.4917,2.824127,0.3701,2026-07-06 20:30:00
2026_05_25__RecognizedCode_08-Scene-07-ScanRegion6_maxproj_4ch.ome.tiff,DG,2652.5768,1120.9387,2.366389,0.3776,2026-07-06 20:30:12
2026_05_25__RecognizedCode_08-Scene-08-ScanRegion7_maxproj_4ch.ome.tiff,DG,2969.3897,1265.3844,2.346631,0.362,2026-07-06 20:30:21
2026_05_25__RecognizedCode_08-Scene-09-ScanRegion8_maxproj_4ch.ome.tiff,DG,2361.2226,906.9136,2.603581,0.9157,2026-07-06 20:30:38
2026_05_25__RecognizedCode_08-Scene-10-ScanRegion9_maxproj_4ch.ome.tiff,DG,2392.2054,737.9728,3.241590,1.3433,2026-07-06 20:31:01
2026_05_25__RecognizedCode_08-Scene-11-ScanRegion10_maxproj_4ch.ome.tiff,DG,2636.6588,926.3224,2.846373,0.4012,2026-07-06 20:31:31
2026_05_25__RecognizedCode_08-Scene-12-ScanRegion11_maxproj_4ch.ome.tiff,DG,2471.0314,1001.2695,2.467898,0.4087,2026-07-06 20:31:46
2026_05_25__RecognizedCode_08-Scene-13-ScanRegion12_maxproj_4ch.ome.tiff,DG,2430.1315,919.5816,2.642649,0.4699,2026-07-06 20:32:01
2026_05_25__RecognizedCode_08-Scene-14-ScanRegion13_maxproj_4ch.ome.tiff,DG,2268.9727,640.5592,3.542175,0.4645,2026-07-06 20:32:20
2026_05_25__RecognizedCode_08-Scene-15-ScanRegion14_maxproj_4ch.ome.tiff,DG,2647.3467,912.0889,2.902509,0.3627,2026-07-06 20:32:40
2026_05_25__RecognizedCode_08-Scene-16-ScanRegion15_maxproj_4ch.ome.tiff,DG,2717.3790,958.2762,2.835695,0.3496,2026-07-06 20:32:57
2026_05_25__RecognizedCode_09-Scene-01-ScanRegion0_maxproj_4ch.ome.tiff,DG,4300.8881,1050.0817,4.095765,0.3166,2026-07-06 20:33:09
2026_05_25__RecognizedCode_09-Scene-02-ScanRegion1_maxproj_4ch.ome.tiff,DG,2853.1842,346.7691,8.227907,0.7681,2026-07-06 20:33:22
2026_05_25__RecognizedCode_09-Scene-04-ScanRegion3_maxproj_4ch.ome.tiff,DG,4611.7733,1098.2805,4.199085,0.3592,2026-07-06 20:33:56
2026_05_25__RecognizedCode_09-Scene-05-ScanRegion4_maxproj_4ch.ome.tiff,DG,651.0194,645.8258,1.008042,0.7023,2026-07-06 20:34:06
2026_05_25__RecognizedCode_09-Scene-06-ScanRegion5_maxproj_4ch.ome.tiff,D,4305.9081,1143.7320,3.764788,0.3999,2026-07-06 20:34:21
2026_05_25__RecognizedCode_09-Scene-07-ScanRegion6_maxproj_4ch.ome.tiff,DG,4596.0483,951.5574,4.830027,0.2941,2026-07-06 20:34:33
2026_05_25__RecognizedCode_09-Scene-08-ScanRegion7_maxproj_4ch.ome.tiff,DG,3602.6297,707.3849,5.092884,0.4505,2026-07-06 20:34:40
2026_05_25__RecognizedCode_09-Scene-09-ScanRegion8_maxproj_4ch.ome.tiff,DG,4158.4268,908.0913,4.579305,0.5431,2026-07-06 20:34:58
2026_05_25__RecognizedCode_10-Scene-01-ScanRegion0_maxproj_4ch.ome.tiff,DG,1780.8943,1040.2533,1.711981,0.4481,2026-07-06 20:35:08
2026_05_25__RecognizedCode_10-Scene-02-ScanRegion1_maxproj_4ch.ome.tiff,DG,1615.6644,1037.8933,1.556677,0.377,2026-07-06 20:35:19
2026_05_25__RecognizedCode_10-Scene-03-ScanRegion2_maxproj_4ch.ome.tiff,DG,1307.3223,683.6390,1.912299,0.6255,2026-07-06 20:35:36
2026_05_25__RecognizedCode_10-Scene-04-ScanRegion3_maxproj_4ch.ome.tiff,DG,1427.2419,1177.6891,1.211900,0.3021,2026-07-06 20:35:59
2026_05_25__RecognizedCode_10-Scene-05-ScanRegion4_maxproj_4ch.ome.tiff,DG,1827.8049,1238.3882,1.475955,0.4127,2026-07-06 20:36:08
2026_05_25__RecognizedCode_10-Scene-06-ScanRegion5_maxproj_4ch.ome.tiff,DG,1988.2960,1126.3904,1.765193,0.3622,2026-07-06 20:36:18
2026_05_25__RecognizedCode_10-Scene-07-ScanRegion6_maxproj_4ch.ome.tiff,DG,1749.9462,1439.7703,1.215434,0.3589,2026-07-06 20:36:27
2026_05_25__RecognizedCode_10-Scene-08-ScanRegion7_maxproj_4ch.ome.tiff,DG,1617.2714,1141.2292,1.417131,0.4683,2026-07-06 20:36:36
2026_05_25__RecognizedCode_10-Scene-09-ScanRegion8_maxproj_4ch.ome.tiff,DG,1688.9965,1339.1838,1.261213,0.4108,2026-07-06 20:36:46
2026_05_25__RecognizedCode_10-Scene-10-ScanRegion9_maxproj_4ch.ome.tiff,DG,1754.1605,1309.0803,1.339995,0.4053,2026-07-06 20:36:58
2026_05_25__RecognizedCode_10-Scene-12-ScanRegion11_maxproj_4ch.ome.tiff,DG,2059.4345,1155.7456,1.781910,0.3984,2026-07-06 20:37:11
2026_05_25__RecognizedCode_11-Scene-01-ScanRegion0_maxproj_4ch.ome.tiff,DG,2066.4076,1477.6326,1.398458,0.3229,2026-07-06 20:37:27
2026_05_25__RecognizedCode_11-Scene-02-ScanRegion1_maxproj_4ch.ome.tiff,DG,2459.3348,1356.4184,1.813109,0.3174,2026-07-06 20:37:42
2026_05_25__RecognizedCode_11-Scene-03-ScanRegion2_maxproj_4ch.ome.tiff,DG,1992.5547,1527.2668,1.304654,0.3666,2026-07-06 20:37:52
2026_05_25__RecognizedCode_11-Scene-04-ScanRegion3_maxproj_4ch.ome.tiff,DG,2043.6405,1237.9037,1.650888,0.3787,2026-07-06 20:38:02
2026_05_25__RecognizedCode_11-Scene-06-ScanRegion5_maxproj_4ch.ome.tiff,DG,2459.4603,1328.9211,1.850720,0.3303,2026-07-06 20:38:22
2026_05_25__RecognizedCode_11-Scene-07-ScanRegion6_maxproj_4ch.ome.tiff,DG,2054.7827,1289.0610,1.594015,0.4375,2026-07-06 20:38:32
2026_05_25__RecognizedCode_11-Scene-08-ScanRegion7_maxproj_4ch.ome.tiff,DG,2576.2272,1455.5422,1.769943,0.307,2026-07-06 20:38:44
2026_05_25__RecognizedCode_11-Scene-09-ScanRegion8_maxproj_4ch.ome.tiff,DG,2170.5008,1507.2070,1.440081,0.3666,2026-07-06 20:38:56
2026_05_25__RecognizedCode_11-Scene-10-ScanRegion9_maxproj_4ch.ome.tiff,DG,1837.0478,981.9176,1.870878,0.8757,2026-07-06 20:39:05
2026_05_25__RecognizedCode_11-Scene-11-ScanRegion10_maxproj_4ch.ome.tiff,DG,1938.3554,1409.8379,1.374878,0.4107,2026-07-06 20:39:21
2026_05_25__RecognizedCode_11-Scene-12-ScanRegion11_maxproj_4ch.ome.tiff,DG,2205.7108,1424.1245,1.548819,0.4012,2026-07-06 20:39:35
2026_05_25__RecognizedCode_11-Scene-13-ScanRegion12_maxproj_4ch.ome.tiff,DG,2275.3481,1212.8660,1.876009,0.7105,2026-07-06 20:39:53
2026_05_25__RecognizedCode_12-Scene-01-ScanRegion0_maxproj_4ch.ome.tiff,DG,1616.0532,699.3441,2.310813,0.3837,2026-07-06 20:40:33
2026_05_25__RecognizedCode_12-Scene-02-ScanRegion1_maxproj_4ch.ome.tiff,DG,1577.7703,558.8984,2.823000,0.4666,2026-07-06 20:40:52
2026_05_25__RecognizedCode_12-Scene-03-ScanRegion2_maxproj_4ch.ome.tiff,DG,1642.5302,764.4828,2.148551,0.276,2026-07-06 20:41:07
2026_05_25__RecognizedCode_12-Scene-04-ScanRegion3_maxproj_4ch.ome.tiff,DG,1621.2155,737.3113,2.198821,0.3698,2026-07-06 20:41:23
2026_05_25__RecognizedCode_12-Scene-05-ScanRegion4_maxproj_4ch.ome.tiff,DG,1717.6869,1219.5999,1.408402,0.2666,2026-07-06 20:41:42
2026_05_25__RecognizedCode_12-Scene-06-ScanRegion5_maxproj_4ch.ome.tiff,DG,1786.0740,833.5443,2.142746,0.2818,2026-07-06 20:41:58
2026_05_25__RecognizedCode_12-Scene-07-ScanRegion6_maxproj_4ch.ome.tiff,DG,854.2992,846.9231,1.008709,0.4135,2026-07-06 20:42:11
2026_05_25__RecognizedCode_12-Scene-08-ScanRegion7_maxproj_4ch.ome.tiff,DG,1005.7663,1025.2018,0.981042,0.3986,2026-07-06 20:42:26
2026_05_25__RecognizedCode_12-Scene-09-ScanRegion8_maxproj_4ch.ome.tiff,DG,1527.1950,657.3339,2.323317,0.3863,2026-07-06 20:42:40
2026_05_25__RecognizedCode_12-Scene-10-ScanRegion9_maxproj_4ch.ome.tiff,DG,1694.5745,737.9863,2.296214,0.6918,2026-07-06 20:42:55
2026_05_25__RecognizedCode_01-Scene-03-ScanRegion2_maxproj_4ch.ome.tiff,DG,120.3113,33.3172,3.611084,1.4602,2026-07-06 20:43:14
2026_05_25__RecognizedCode_01-Scene-05-ScanRegion4_maxproj_4ch.ome.tiff,DG,2389.0531,986.0100,2.422950,0.3014,2026-07-06 20:43:25
2026_05_25__RecognizedCode_01-Scene-06-ScanRegion5_maxproj_4ch.ome.tiff,DG,2396.2881,847.0874,2.828856,0.3667,2026-07-06 20:43:35
2026_05_25__RecognizedCode_01-Scene-07-ScanRegion6_maxproj_4ch.ome.tiff,DG,2220.2502,732.1280,3.032599,0.362,2026-07-06 20:43:45
2026_05_25__RecognizedCode_01-Scene-08-ScanRegion7_maxproj_4ch.ome.tiff,DG,2234.4225,672.7741,3.321208,0.3346,2026-07-06 20:43:59
2026_05_25__RecognizedCode_01-Scene-09-ScanRegion8_maxproj_4ch.ome.tiff,DG,2155.5471,632.1545,3.409842,0.4017,2026-07-06 20:44:18
2026_05_25__RecognizedCode_01-Scene-10-ScanRegion9_maxproj_4ch.ome.tiff,DG,2269.2621,969.5562,2.340516,0.3822,2026-07-06 20:44:34
2026_05_25__RecognizedCode_01-Scene-11-ScanRegion10_maxproj_4ch.ome.tiff,DG,2190.7629,1115.0913,1.964649,0.3957,2026-07-06 20:44:44
2026_05_25__RecognizedCode_01-Scene-12-ScanRegion11_maxproj_4ch.ome.tiff,DG,1826.8934,531.3959,3.437914,0.8962,2026-07-06 20:44:54
2026_05_25__RecognizedCode_01-Scene-13-ScanRegion12_maxproj_4ch.ome.tiff,DG,2228.5733,762.6690,2.922072,0.5307,2026-07-06 20:45:14
2026_05_25__RecognizedCode_02-Scene-01-ScanRegion0_maxproj_4ch.ome.tiff,DG,3345.9097,1548.8828,2.160208,0.4067,2026-07-06 20:45:33
2026_05_25__RecognizedCode_02-Scene-02-ScanRegion1_maxproj_4ch.ome.tiff,DG,3192.1402,1587.1725,2.011212,0.4421,2026-07-06 20:45:43
2026_05_25__RecognizedCode_02-Scene-03-ScanRegion2_maxproj_4ch.ome.tiff,DG,2946.0390,1517.9978,1.940740,0.313,2026-07-06 20:45:53
2026_05_25__RecognizedCode_02-Scene-04-ScanRegion3_maxproj_4ch.ome.tiff,DG,1026.6988,1518.3161,0.676209,0.3238,2026-07-06 20:46:03
2026_05_25__RecognizedCode_02-Scene-05-ScanRegion4_maxproj_4ch.ome.tiff,DG,2998.4900,1442.2838,2.078988,0.3839,2026-07-06 20:46:16
2026_05_25__RecognizedCode_02-Scene-06-ScanRegion5_maxproj_4ch.ome.tiff,DG,3873.7912,1718.4957,2.254176,0.2849,2026-07-06 20:46:31
2026_05_25__RecognizedCode_02-Scene-07-ScanRegion6_maxproj_4ch.ome.tiff,DG,2862.2520,1206.6180,2.372128,0.2924,2026-07-06 20:46:43
2026_05_25__RecognizedCode_02-Scene-08-ScanRegion7_maxproj_4ch.ome.tiff,DG,3381.7075,1789.5598,1.889687,0.3155,2026-07-06 20:46:52
2026_05_25__RecognizedCode_02-Scene-09-ScanRegion8_maxproj_4ch.ome.tiff,DG,2859.4443,1637.0348,1.746722,0.4051,2026-07-06 20:46:59
