Image,Annotation,Mean_GFAP_Intensity,Background_Intensity,Mean_GFAP_Corrected,Annotation_Area_mm2,Timestamp
2026_05_25__RecognizedCode_10-Scene-08-ScanRegion7_maxproj_4ch.ome.tiff,DG,1617.2714,541.0322,1076.2392,0.4683,2026-07-06 12:40:32
2026_05_25__RecognizedCode_01-Scene-01-ScanRegion0_maxproj_4ch.ome.tiff,DG,2053.2180,600.6474,1452.5706,0.4335,2026-07-06 12:40:55
2026_05_25__RecognizedCode_02-Scene-10-ScanRegion9_maxproj_4ch.ome.tiff,DG,2925.4785,944.0203,1981.4582,0.4457,2026-07-06 12:41:03
2026_05_25__RecognizedCode_02-Scene-11-ScanRegion10_maxproj_4ch.ome.tiff,DG,4538.4894,1023.6008,3514.8886,0.5645,2026-07-06 12:41:09
2026_05_25__RecognizedCode_02-Scene-13-ScanRegion12_maxproj_4ch.ome.tiff,DG,2807.8265,290.8087,2517.0178,0.4009,2026-07-06 12:41:18
2026_05_25__RecognizedCode_03-Scene-01-ScanRegion0_maxproj_4ch.ome.tiff,DG,2673.0722,1023.1119,1649.9604,0.2707,2026-07-06 12:41:23
2026_05_25__RecognizedCode_03-Scene-02-ScanRegion1_maxproj_4ch.ome.tiff,DG,3231.4923,1130.7636,2100.7287,0.2407,2026-07-06 12:41:27
2026_05_25__RecognizedCode_03-Scene-03-ScanRegion2_maxproj_4ch.ome.tiff,DG,2901.5128,1149.2612,1752.2516,0.2717,2026-07-06 12:41:32
2026_05_25__RecognizedCode_03-Scene-04-ScanRegion3_maxproj_4ch.ome.tiff,DG,2658.3746,877.5471,1780.8275,0.6099,2026-07-06 12:41:36
2026_05_25__RecognizedCode_03-Scene-05-ScanRegion4_maxproj_4ch.ome.tiff,DG,2773.5517,943.0852,1830.4665,0.426,2026-07-06 12:41:41
2026_05_25__RecognizedCode_03-Scene-06-ScanRegion5_maxproj_4ch.ome.tiff,DG,3433.7216,1164.4381,2269.2834,0.2485,2026-07-06 12:41:46
2026_05_25__RecognizedCode_03-Scene-07-ScanRegion6_maxproj_4ch.ome.tiff,DG,2803.9744,746.5241,2057.4503,0.706,2026-07-06 12:41:51
2026_05_25__RecognizedCode_03-Scene-08-ScanRegion7_maxproj_4ch.ome.tiff,DG,2549.0221,893.8556,1655.1665,0.423,2026-07-06 12:41:57
2026_05_25__RecognizedCode_03-Scene-09-ScanRegion8_maxproj_4ch.ome.tiff,DG,2357.7047,271.9960,2085.7087,0.3498,2026-07-06 12:42:02
2026_05_25__RecognizedCode_03-Scene-10-ScanRegion9_maxproj_4ch.ome.tiff,DG,2547.3825,843.0071,1704.3754,0.3144,2026-07-06 12:42:07
2026_05_25__RecognizedCode_04-Scene-01-ScanRegion0_maxproj_4ch.ome.tiff,DG,2025.5850,858.4423,1167.1427,0.3075,2026-07-06 12:42:12
2026_05_25__RecognizedCode_04-Scene-02-ScanRegion1_maxproj_4ch.ome.tiff,DG,2485.4014,775.5951,1709.8063,0.4095,2026-07-06 12:42:16
2026_05_25__RecognizedCode_04-Scene-03-ScanRegion2_maxproj_4ch.ome.tiff,DG,3324.6065,1154.8058,2169.8007,0.306,2026-07-06 12:42:21
2026_05_25__RecognizedCode_04-Scene-04-ScanRegion3_maxproj_4ch.ome.tiff,DG,2263.9191,900.2736,1363.6455,0.3028,2026-07-06 12:42:26
2026_05_25__RecognizedCode_04-Scene-05-ScanRegion4_maxproj_4ch.ome.tiff,DG,2580.3094,921.9395,1658.3699,0.2817,2026-07-06 12:42:30
2026_05_25__RecognizedCode_04-Scene-06-ScanRegion5_maxproj_4ch.ome.tiff,DG,2425.6704,857.6545,1568.0159,0.2478,2026-07-06 12:42:34
2026_05_25__RecognizedCode_04-Scene-07-ScanRegion6_maxproj_4ch.ome.tiff,DG,1996.0410,794.8159,1201.2250,0.3366,2026-07-06 12:42:38
2026_05_25__RecognizedCode_04-Scene-08-ScanRegion7_maxproj_4ch.ome.tiff,DG,1979.1378,367.7071,1611.4307,0.3836,2026-07-06 12:42:42
2026_05_25__RecognizedCode_04-Scene-09-ScanRegion8_maxproj_4ch.ome.tiff,DG,2072.7624,838.1230,1234.6395,0.3923,2026-07-06 12:42:48
2026_05_25__RecognizedCode_04-Scene-10-ScanRegion9_maxproj_4ch.ome.tiff,DG,2921.6307,619.3658,2302.2649,0.3857,2026-07-06 12:42:53
2026_05_25__RecognizedCode_04-Scene-11-ScanRegion10_maxproj_4ch.ome.tiff,DG,2162.4880,481.5804,1680.9076,0.4284,2026-07-06 12:42:58
2026_05_25__RecognizedCode_04-Scene-12-ScanRegion11_maxproj_4ch.ome.tiff,DG,2038.4727,271.1477,1767.3251,0.7529,2026-07-06 12:43:03
2026_05_25__RecognizedCode_04-Scene-13-ScanRegion12_maxproj_4ch.ome.tiff,DG,2214.0298,908.1564,1305.8734,0.38,2026-07-06 12:43:09
2026_05_25__RecognizedCode_05-Scene-01-ScanRegion0_maxproj_4ch.ome.tiff,DG,1865.6037,809.5674,1056.0362,0.3736,2026-07-06 12:43:14
2026_05_25__RecognizedCode_05-Scene-02-ScanRegion1_maxproj_4ch.ome.tiff,DG,1979.6777,807.4872,1172.1905,0.4333,2026-07-06 12:43:20
2026_05_25__RecognizedCode_05-Scene-03-ScanRegion2_maxproj_4ch.ome.tiff,DG,1826.9899,602.8594,1224.1305,0.3923,2026-07-06 12:43:24
2026_05_25__RecognizedCode_05-Scene-04-ScanRegion3_maxproj_4ch.ome.tiff,DG,1955.7433,734.2235,1221.5198,0.3927,2026-07-06 12:43:30
2026_05_25__RecognizedCode_05-Scene-05-ScanRegion4_maxproj_4ch.ome.tiff,DG,2211.5956,856.2564,1355.3392,0.2911,2026-07-06 12:43:35
2026_05_25__RecognizedCode_05-Scene-06-ScanRegion5_maxproj_4ch.ome.tiff,DG,2290.9707,872.5107,1418.4601,0.214,2026-07-06 12:43:39
2026_05_25__RecognizedCode_05-Scene-07-ScanRegion6_maxproj_4ch.ome.tiff,DG,1969.2159,815.9261,1153.2898,0.2876,2026-07-06 12:43:43
2026_05_25__RecognizedCode_05-Scene-08-ScanRegion7_maxproj_4ch.ome.tiff,DG,2024.9091,587.4516,1437.4575,0.3189,2026-07-06 12:43:49
2026_05_25__RecognizedCode_05-Scene-09-ScanRegion8_maxproj_4ch.ome.tiff,DG,1678.3413,707.7419,970.5994,0.354,2026-07-06 12:43:54
2026_05_25__RecognizedCode_05-Scene-10-ScanRegion9_maxproj_4ch.ome.tiff,DG,2032.5132,530.7812,1501.7320,0.3208,2026-07-06 12:43:58
2026_05_25__RecognizedCode_05-Scene-11-ScanRegion10_maxproj_4ch.ome.tiff,DG,2182.3402,802.8884,1379.4518,0.2647,2026-07-06 12:44:04
2026_05_25__RecognizedCode_05-Scene-12-ScanRegion11_maxproj_4ch.ome.tiff,DG,2250.0422,893.8174,1356.2248,0.2986,2026-07-06 12:44:08
2026_05_25__RecognizedCode_06-Scene-1-ScanRegion0_maxproj_4ch.ome.tiff,DG,2632.9712,1032.6225,1600.3487,0.2451,2026-07-06 12:44:13
2026_05_25__RecognizedCode_06-Scene-2-ScanRegion1_maxproj_4ch.ome.tiff,DG,2756.6543,870.9945,1885.6599,0.3441,2026-07-06 12:44:18
2026_05_25__RecognizedCode_06-Scene-3-ScanRegion2_maxproj_4ch.ome.tiff,DG,2449.5467,925.9708,1523.5759,0.331,2026-07-06 12:44:22
2026_05_25__RecognizedCode_06-Scene-4-ScanRegion3_maxproj_4ch.ome.tiff,DG,2494.3584,770.6632,1723.6952,0.3207,2026-07-06 12:44:28
2026_05_25__RecognizedCode_06-Scene-5-ScanRegion4_maxproj_4ch.ome.tiff,DG,2969.8264,980.2056,1989.6208,0.2803,2026-07-06 12:44:33
2026_05_25__RecognizedCode_06-Scene-6-ScanRegion5_maxproj_4ch.ome.tiff,DG,2899.1074,682.2642,2216.8433,0.3662,2026-07-06 12:44:38
2026_05_25__RecognizedCode_06-Scene-7-ScanRegion6_maxproj_4ch.ome.tiff,DG,2953.3076,465.8968,2487.4108,0.3574,2026-07-06 12:44:43
2026_05_25__RecognizedCode_06-Scene-8-ScanRegion7_maxproj_4ch.ome.tiff,DG,2422.1662,315.8290,2106.3372,0.787,2026-07-06 12:44:50
2026_05_25__RecognizedCode_07-Scene-01-ScanRegion0_maxproj_4ch.ome.tiff,DG,1939.7334,751.9011,1187.8323,0.4131,2026-07-06 12:44:57
2026_05_25__RecognizedCode_07-Scene-02-ScanRegion1_maxproj_4ch.ome.tiff,DG,1900.6740,742.7791,1157.8949,0.2777,2026-07-06 12:45:03
2026_05_25__RecognizedCode_07-Scene-03-ScanRegion2_maxproj_4ch.ome.tiff,DG,3106.3189,924.3356,2181.9833,0.2604,2026-07-06 12:45:09
2026_05_25__RecognizedCode_07-Scene-04-ScanRegion3_maxproj_4ch.ome.tiff,DG,1906.9306,826.1677,1080.7629,0.375,2026-07-06 12:45:13
2026_05_25__RecognizedCode_07-Scene-05-ScanRegion4_maxproj_4ch.ome.tiff,DG,2000.0118,957.1259,1042.8859,0.2625,2026-07-06 12:45:19
2026_05_25__RecognizedCode_07-Scene-06-ScanRegion5_maxproj_4ch.ome.tiff,DG,1834.3560,787.4423,1046.9136,0.3883,2026-07-06 12:45:24
2026_05_25__RecognizedCode_07-Scene-07-ScanRegion6_maxproj_4ch.ome.tiff,DG,1887.4658,847.9966,1039.4692,0.4579,2026-07-06 12:45:29
2026_05_25__RecognizedCode_07-Scene-08-ScanRegion7_maxproj_4ch.ome.tiff,DG,1865.9698,861.0537,1004.9160,0.3167,2026-07-06 12:45:35
2026_05_25__RecognizedCode_07-Scene-09-ScanRegion8_maxproj_4ch.ome.tiff,DG,2096.5725,979.3405,1117.2320,0.2695,2026-07-06 12:45:41
2026_05_25__RecognizedCode_07-Scene-10-ScanRegion9_maxproj_4ch.ome.tiff,DG,2009.6733,784.3371,1225.3362,0.3216,2026-07-06 12:45:46
2026_05_25__RecognizedCode_07-Scene-11-ScanRegion10_maxproj_4ch.ome.tiff,DG,2052.6262,660.1979,1392.4283,0.4751,2026-07-06 12:45:52
2026_05_25__RecognizedCode_07-Scene-12-ScanRegion11_maxproj_4ch.ome.tiff,DG,2018.7099,850.3729,1168.3370,0.4189,2026-07-06 12:45:58
2026_05_25__RecognizedCode_07-Scene-13-ScanRegion12_maxproj_4ch.ome.tiff,DG,1790.9523,669.9234,1121.0289,0.6822,2026-07-06 12:46:05
2026_05_25__RecognizedCode_07-Scene-14-ScanRegion13_maxproj_4ch.ome.tiff,DG,1549.3348,289.6916,1259.6431,0.6376,2026-07-06 12:46:12
2026_05_25__RecognizedCode_07-Scene-15-ScanRegion14_maxproj_4ch.ome.tiff,DG,1876.9815,697.4897,1179.4918,0.9181,2026-07-06 12:46:19
2026_05_25__RecognizedCode_08-Scene-01-ScanRegion0_maxproj_4ch.ome.tiff,DG,2801.9868,991.5239,1810.4629,0.3472,2026-07-06 12:46:25
2026_05_25__RecognizedCode_08-Scene-02-ScanRegion1_maxproj_4ch.ome.tiff,DG,2994.5362,1026.9052,1967.6311,0.2809,2026-07-06 12:46:32
2026_05_25__RecognizedCode_08-Scene-03-ScanRegion2_maxproj_4ch.ome.tiff,DG,2747.6525,770.7101,1976.9425,0.2907,2026-07-06 12:46:38
2026_05_25__RecognizedCode_08-Scene-04-ScanRegion3_maxproj_4ch.ome.tiff,DG,2687.8751,863.7788,1824.0963,0.2526,2026-07-06 12:46:42
2026_05_25__RecognizedCode_08-Scene-05-ScanRegion4_maxproj_4ch.ome.tiff,DG,2669.8203,946.9899,1722.8304,0.336,2026-07-06 12:46:47
2026_05_25__RecognizedCode_08-Scene-06-ScanRegion5_maxproj_4ch.ome.tiff,DG,2602.4092,953.8383,1648.5709,0.3701,2026-07-06 12:46:54
2026_05_25__RecognizedCode_08-Scene-07-ScanRegion6_maxproj_4ch.ome.tiff,DG,2652.5768,874.8197,1777.7571,0.3776,2026-07-06 12:47:00
2026_05_25__RecognizedCode_08-Scene-08-ScanRegion7_maxproj_4ch.ome.tiff,DG,2969.3897,853.6654,2115.7242,0.362,2026-07-06 12:47:04
2026_05_25__RecognizedCode_08-Scene-09-ScanRegion8_maxproj_4ch.ome.tiff,DG,2361.2226,747.2618,1613.9609,0.9157,2026-07-06 12:47:10
2026_05_25__RecognizedCode_08-Scene-10-ScanRegion9_maxproj_4ch.ome.tiff,DG,2392.2054,649.9427,1742.2627,1.3433,2026-07-06 12:47:17
2026_05_25__RecognizedCode_08-Scene-11-ScanRegion10_maxproj_4ch.ome.tiff,DG,2636.6588,850.6686,1785.9902,0.4012,2026-07-06 12:47:26
2026_05_25__RecognizedCode_08-Scene-12-ScanRegion11_maxproj_4ch.ome.tiff,DG,2471.0314,742.7065,1728.3248,0.4087,2026-07-06 12:47:32
2026_05_25__RecognizedCode_08-Scene-13-ScanRegion12_maxproj_4ch.ome.tiff,DG,2430.1315,831.5481,1598.5834,0.4699,2026-07-06 12:47:37
2026_05_25__RecognizedCode_08-Scene-14-ScanRegion13_maxproj_4ch.ome.tiff,DG,2268.9727,305.7018,1963.2708,0.4645,2026-07-06 12:47:43
2026_05_25__RecognizedCode_08-Scene-15-ScanRegion14_maxproj_4ch.ome.tiff,DG,2647.3467,986.3146,1661.0321,0.3627,2026-07-06 12:47:49
2026_05_25__RecognizedCode_08-Scene-16-ScanRegion15_maxproj_4ch.ome.tiff,DG,2717.3790,1028.5951,1688.7840,0.3496,2026-07-06 12:47:54
2026_05_25__RecognizedCode_09-Scene-01-ScanRegion0_maxproj_4ch.ome.tiff,DG,4300.8881,397.2600,3903.6282,0.3166,2026-07-06 12:47:59
2026_05_25__RecognizedCode_09-Scene-02-ScanRegion1_maxproj_4ch.ome.tiff,DG,2853.1842,336.6600,2516.5241,0.7681,2026-07-06 12:48:04
2026_05_25__RecognizedCode_09-Scene-04-ScanRegion3_maxproj_4ch.ome.tiff,DG,4611.7733,1573.6596,3038.1137,0.3592,2026-07-06 12:48:13
2026_05_25__RecognizedCode_09-Scene-05-ScanRegion4_maxproj_4ch.ome.tiff,DG,651.0194,278.9975,372.0218,0.7023,2026-07-06 12:48:18
2026_05_25__RecognizedCode_09-Scene-06-ScanRegion5_maxproj_4ch.ome.tiff,D,4305.9081,1453.7857,2852.1223,0.3999,2026-07-06 12:48:24
2026_05_25__RecognizedCode_09-Scene-07-ScanRegion6_maxproj_4ch.ome.tiff,DG,4596.0483,1363.2574,3232.7909,0.2941,2026-07-06 12:48:29
2026_05_25__RecognizedCode_09-Scene-08-ScanRegion7_maxproj_4ch.ome.tiff,DG,3602.6297,313.0078,3289.6219,0.4505,2026-07-06 12:48:33
2026_05_25__RecognizedCode_09-Scene-09-ScanRegion8_maxproj_4ch.ome.tiff,DG,4158.4268,341.4357,3816.9911,0.5431,2026-07-06 12:48:39
2026_05_25__RecognizedCode_10-Scene-01-ScanRegion0_maxproj_4ch.ome.tiff,DG,1780.8943,590.0045,1190.8898,0.4481,2026-07-06 12:48:46
2026_05_25__RecognizedCode_10-Scene-02-ScanRegion1_maxproj_4ch.ome.tiff,DG,1615.6644,665.6077,950.0567,0.377,2026-07-06 12:48:50
2026_05_25__RecognizedCode_10-Scene-03-ScanRegion2_maxproj_4ch.ome.tiff,DG,1307.3223,271.8710,1035.4513,0.6255,2026-07-06 12:48:55
2026_05_25__RecognizedCode_10-Scene-04-ScanRegion3_maxproj_4ch.ome.tiff,DG,1427.2419,620.6691,806.5727,0.3021,2026-07-06 12:49:02
2026_05_25__RecognizedCode_10-Scene-05-ScanRegion4_maxproj_4ch.ome.tiff,DG,1827.8049,653.7124,1174.0926,0.4127,2026-07-06 12:49:06
2026_05_25__RecognizedCode_10-Scene-06-ScanRegion5_maxproj_4ch.ome.tiff,DG,1988.2960,693.5177,1294.7783,0.3622,2026-07-06 12:49:11
2026_05_25__RecognizedCode_10-Scene-07-ScanRegion6_maxproj_4ch.ome.tiff,DG,1749.9462,726.5631,1023.3831,0.3589,2026-07-06 12:49:16
2026_05_25__RecognizedCode_10-Scene-09-ScanRegion8_maxproj_4ch.ome.tiff,DG,1688.9965,650.8249,1038.1715,0.4108,2026-07-06 12:49:22
2026_05_25__RecognizedCode_10-Scene-10-ScanRegion9_maxproj_4ch.ome.tiff,DG,1754.1605,375.9387,1378.2218,0.4053,2026-07-06 12:49:27
2026_05_25__RecognizedCode_10-Scene-12-ScanRegion11_maxproj_4ch.ome.tiff,DG,2059.4345,593.9493,1465.4853,0.3984,2026-07-06 12:49:35
2026_05_25__RecognizedCode_11-Scene-01-ScanRegion0_maxproj_4ch.ome.tiff,DG,2066.4076,782.1796,1284.2280,0.3229,2026-07-06 12:49:41
2026_05_25__RecognizedCode_11-Scene-02-ScanRegion1_maxproj_4ch.ome.tiff,DG,2459.3348,826.2585,1633.0763,0.3174,2026-07-06 12:49:46
2026_05_25__RecognizedCode_11-Scene-03-ScanRegion2_maxproj_4ch.ome.tiff,DG,1992.5547,758.4559,1234.0988,0.3666,2026-07-06 12:49:50
2026_05_25__RecognizedCode_11-Scene-04-ScanRegion3_maxproj_4ch.ome.tiff,DG,2043.6405,812.5515,1231.0890,0.3787,2026-07-06 12:49:55
2026_05_25__RecognizedCode_11-Scene-06-ScanRegion5_maxproj_4ch.ome.tiff,DG,2459.4603,789.6305,1669.8298,0.3303,2026-07-06 12:50:04
2026_05_25__RecognizedCode_11-Scene-07-ScanRegion6_maxproj_4ch.ome.tiff,DG,2054.7827,348.6300,1706.1527,0.4375,2026-07-06 12:50:08
2026_05_25__RecognizedCode_11-Scene-08-ScanRegion7_maxproj_4ch.ome.tiff,DG,2576.2272,804.1948,1772.0324,0.307,2026-07-06 12:50:13
2026_05_25__RecognizedCode_11-Scene-09-ScanRegion8_maxproj_4ch.ome.tiff,DG,2170.5008,767.3662,1403.1346,0.3666,2026-07-06 12:50:18
2026_05_25__RecognizedCode_11-Scene-10-ScanRegion9_maxproj_4ch.ome.tiff,DG,1837.0478,390.7332,1446.3145,0.8757,2026-07-06 12:50:22
2026_05_25__RecognizedCode_11-Scene-11-ScanRegion10_maxproj_4ch.ome.tiff,DG,1938.3554,706.9602,1231.3953,0.4107,2026-07-06 12:50:31
2026_05_25__RecognizedCode_11-Scene-12-ScanRegion11_maxproj_4ch.ome.tiff,DG,2205.7108,762.4095,1443.3013,0.4012,2026-07-06 12:50:36
2026_05_25__RecognizedCode_11-Scene-13-ScanRegion12_maxproj_4ch.ome.tiff,DG,2275.3481,815.9712,1459.3768,0.7105,2026-07-06 12:50:41
2026_05_25__RecognizedCode_12-Scene-01-ScanRegion0_maxproj_4ch.ome.tiff,DG,1616.0532,709.0532,907.0000,0.3837,2026-07-06 12:50:49
2026_05_25__RecognizedCode_12-Scene-02-ScanRegion1_maxproj_4ch.ome.tiff,DG,1577.7703,288.9089,1288.8614,0.4666,2026-07-06 12:50:56
2026_05_25__RecognizedCode_12-Scene-03-ScanRegion2_maxproj_4ch.ome.tiff,DG,1642.5302,718.1693,924.3610,0.276,2026-07-06 12:51:02
2026_05_25__RecognizedCode_12-Scene-04-ScanRegion3_maxproj_4ch.ome.tiff,DG,1621.2155,817.6592,803.5564,0.3698,2026-07-06 12:51:07
2026_05_25__RecognizedCode_12-Scene-05-ScanRegion4_maxproj_4ch.ome.tiff,DG,1717.6869,833.3284,884.3585,0.2666,2026-07-06 12:51:14
2026_05_25__RecognizedCode_12-Scene-06-ScanRegion5_maxproj_4ch.ome.tiff,DG,1786.0740,574.8005,1211.2735,0.2818,2026-07-06 12:51:19
2026_05_25__RecognizedCode_12-Scene-07-ScanRegion6_maxproj_4ch.ome.tiff,DG,854.2992,559.2552,295.0441,0.4135,2026-07-06 12:51:26
2026_05_25__RecognizedCode_12-Scene-08-ScanRegion7_maxproj_4ch.ome.tiff,DG,1005.7663,543.6815,462.0848,0.3986,2026-07-06 12:51:32
2026_05_25__RecognizedCode_12-Scene-09-ScanRegion8_maxproj_4ch.ome.tiff,DG,1527.1950,520.3934,1006.8016,0.3863,2026-07-06 12:51:36
2026_05_25__RecognizedCode_12-Scene-10-ScanRegion9_maxproj_4ch.ome.tiff,DG,1694.5745,777.1596,917.4149,0.6918,2026-07-06 12:51:43
2026_05_25__RecognizedCode_01-Scene-03-ScanRegion2_maxproj_4ch.ome.tiff,DG,120.3113,0.0000,120.3113,1.4602,2026-07-06 12:51:51
2026_05_25__RecognizedCode_01-Scene-05-ScanRegion4_maxproj_4ch.ome.tiff,DG,2389.0531,963.2966,1425.7565,0.3014,2026-07-06 12:51:58
2026_05_25__RecognizedCode_01-Scene-06-ScanRegion5_maxproj_4ch.ome.tiff,DG,2396.2881,895.9587,1500.3294,0.3667,2026-07-06 12:52:02
2026_05_25__RecognizedCode_01-Scene-07-ScanRegion6_maxproj_4ch.ome.tiff,DG,2220.2502,765.8975,1454.3527,0.362,2026-07-06 12:52:07
2026_05_25__RecognizedCode_01-Scene-08-ScanRegion7_maxproj_4ch.ome.tiff,DG,2234.4225,508.9634,1725.4591,0.3346,2026-07-06 12:52:13
2026_05_25__RecognizedCode_01-Scene-09-ScanRegion8_maxproj_4ch.ome.tiff,DG,2155.5471,732.7530,1422.7941,0.4017,2026-07-06 12:52:19
2026_05_25__RecognizedCode_01-Scene-10-ScanRegion9_maxproj_4ch.ome.tiff,DG,2269.2621,836.2219,1433.0402,0.3822,2026-07-06 12:52:25
2026_05_25__RecognizedCode_01-Scene-11-ScanRegion10_maxproj_4ch.ome.tiff,DG,2190.7629,826.1285,1364.6344,0.3957,2026-07-06 12:52:30
2026_05_25__RecognizedCode_01-Scene-12-ScanRegion11_maxproj_4ch.ome.tiff,DG,1826.8934,281.3764,1545.5170,0.8962,2026-07-06 12:52:36
2026_05_25__RecognizedCode_01-Scene-13-ScanRegion12_maxproj_4ch.ome.tiff,DG,2228.5733,414.1666,1814.4068,0.5307,2026-07-06 12:52:48
2026_05_25__RecognizedCode_02-Scene-01-ScanRegion0_maxproj_4ch.ome.tiff,DG,3345.9097,1063.0564,2282.8532,0.4067,2026-07-06 12:52:54
2026_05_25__RecognizedCode_02-Scene-02-ScanRegion1_maxproj_4ch.ome.tiff,DG,3192.1402,1017.0037,2175.1365,0.4421,2026-07-06 12:52:59
2026_05_25__RecognizedCode_02-Scene-03-ScanRegion2_maxproj_4ch.ome.tiff,DG,2946.0390,929.3448,2016.6942,0.313,2026-07-06 12:53:04
2026_05_25__RecognizedCode_02-Scene-04-ScanRegion3_maxproj_4ch.ome.tiff,DG,1026.6988,373.7473,652.9515,0.3238,2026-07-06 12:53:09
2026_05_25__RecognizedCode_02-Scene-05-ScanRegion4_maxproj_4ch.ome.tiff,DG,2998.4900,970.9340,2027.5560,0.3839,2026-07-06 12:53:13
2026_05_25__RecognizedCode_02-Scene-06-ScanRegion5_maxproj_4ch.ome.tiff,DG,3873.7912,1086.1154,2787.6759,0.2849,2026-07-06 12:53:19
2026_05_25__RecognizedCode_02-Scene-07-ScanRegion6_maxproj_4ch.ome.tiff,DG,2862.2520,322.0605,2540.1915,0.2924,2026-07-06 12:53:24
2026_05_25__RecognizedCode_02-Scene-08-ScanRegion7_maxproj_4ch.ome.tiff,DG,3381.7075,1017.5216,2364.1859,0.3155,2026-07-06 12:53:29
2026_05_25__RecognizedCode_02-Scene-09-ScanRegion8_maxproj_4ch.ome.tiff,DG,2859.4443,870.1852,1989.2591,0.4051,2026-07-06 12:53:33
