Image,Annotation,Mean_GFAP_Intensity,Annotation_Area_mm2,Timestamp
2026_05_25__RecognizedCode_01-Scene-01-ScanRegion0_maxproj_4ch.ome.tiff,DG,2053.2180,0.4335,2026-06-30 22:08:01
2026_05_25__RecognizedCode_02-Scene-10-ScanRegion9_maxproj_4ch.ome.tiff,DG,2925.4785,0.4457,2026-06-30 22:08:20
2026_05_25__RecognizedCode_02-Scene-11-ScanRegion10_maxproj_4ch.ome.tiff,DG,4538.4894,0.5645,2026-06-30 22:08:40
2026_05_25__RecognizedCode_02-Scene-13-ScanRegion12_maxproj_4ch.ome.tiff,DG,2807.8265,0.4009,2026-06-30 22:09:23
2026_05_25__RecognizedCode_03-Scene-01-ScanRegion0_maxproj_4ch.ome.tiff,DG,2673.0722,0.2707,2026-06-30 22:09:38
2026_05_25__RecognizedCode_03-Scene-02-ScanRegion1_maxproj_4ch.ome.tiff,DG,3231.4923,0.2407,2026-06-30 22:09:56
2026_05_25__RecognizedCode_03-Scene-03-ScanRegion2_maxproj_4ch.ome.tiff,DG,2901.5128,0.2717,2026-06-30 22:10:06
2026_05_25__RecognizedCode_03-Scene-04-ScanRegion3_maxproj_4ch.ome.tiff,DG,2658.3746,0.6099,2026-06-30 22:10:15
2026_05_25__RecognizedCode_03-Scene-05-ScanRegion4_maxproj_4ch.ome.tiff,DG,2773.5517,0.426,2026-06-30 22:10:28
2026_05_25__RecognizedCode_03-Scene-06-ScanRegion5_maxproj_4ch.ome.tiff,DG,3433.7216,0.2485,2026-06-30 22:10:45
2026_05_25__RecognizedCode_03-Scene-07-ScanRegion6_maxproj_4ch.ome.tiff,DG,2803.9744,0.706,2026-06-30 22:11:03
2026_05_25__RecognizedCode_03-Scene-08-ScanRegion7_maxproj_4ch.ome.tiff,DG,2549.0221,0.423,2026-06-30 22:11:27
2026_05_25__RecognizedCode_03-Scene-09-ScanRegion8_maxproj_4ch.ome.tiff,DG,2357.7047,0.3498,2026-06-30 22:11:43
2026_05_25__RecognizedCode_03-Scene-10-ScanRegion9_maxproj_4ch.ome.tiff,DG,2547.3825,0.3144,2026-06-30 22:12:03
2026_05_25__RecognizedCode_04-Scene-01-ScanRegion0_maxproj_4ch.ome.tiff,DG,2025.5850,0.3075,2026-06-30 22:12:14
2026_05_25__RecognizedCode_04-Scene-02-ScanRegion1_maxproj_4ch.ome.tiff,DG,2485.4014,0.4095,2026-06-30 22:12:23
2026_05_25__RecognizedCode_04-Scene-03-ScanRegion2_maxproj_4ch.ome.tiff,DG,3324.6065,0.306,2026-06-30 22:12:33
2026_05_25__RecognizedCode_04-Scene-04-ScanRegion3_maxproj_4ch.ome.tiff,DG,2263.9191,0.3028,2026-06-30 22:12:46
2026_05_25__RecognizedCode_04-Scene-05-ScanRegion4_maxproj_4ch.ome.tiff,DG,2580.3094,0.2817,2026-06-30 22:12:57
2026_05_25__RecognizedCode_04-Scene-06-ScanRegion5_maxproj_4ch.ome.tiff,DG,2425.6704,0.2478,2026-06-30 22:13:10
2026_05_25__RecognizedCode_04-Scene-07-ScanRegion6_maxproj_4ch.ome.tiff,DG,1996.0410,0.3366,2026-06-30 22:13:24
2026_05_25__RecognizedCode_04-Scene-08-ScanRegion7_maxproj_4ch.ome.tiff,DG,1979.1378,0.3836,2026-06-30 22:13:40
2026_05_25__RecognizedCode_04-Scene-09-ScanRegion8_maxproj_4ch.ome.tiff,DG,2072.7624,0.3923,2026-06-30 22:13:55
2026_05_25__RecognizedCode_04-Scene-10-ScanRegion9_maxproj_4ch.ome.tiff,DG,2921.6307,0.3857,2026-06-30 22:14:13
2026_05_25__RecognizedCode_04-Scene-11-ScanRegion10_maxproj_4ch.ome.tiff,DG,2162.4880,0.4284,2026-06-30 22:14:29
2026_05_25__RecognizedCode_04-Scene-12-ScanRegion11_maxproj_4ch.ome.tiff,DG,2038.4727,0.7529,2026-06-30 22:14:45
2026_05_25__RecognizedCode_04-Scene-13-ScanRegion12_maxproj_4ch.ome.tiff,DG,2214.0298,0.38,2026-06-30 22:15:07
2026_05_25__RecognizedCode_05-Scene-01-ScanRegion0_maxproj_4ch.ome.tiff,DG,1865.6037,0.3736,2026-06-30 22:15:21
2026_05_25__RecognizedCode_05-Scene-02-ScanRegion1_maxproj_4ch.ome.tiff,DG,1979.6777,0.4333,2026-06-30 22:15:33
2026_05_25__RecognizedCode_05-Scene-03-ScanRegion2_maxproj_4ch.ome.tiff,DG,1826.9899,0.3923,2026-06-30 22:15:45
2026_05_25__RecognizedCode_05-Scene-04-ScanRegion3_maxproj_4ch.ome.tiff,DG,1955.7433,0.3927,2026-06-30 22:16:05
2026_05_25__RecognizedCode_05-Scene-05-ScanRegion4_maxproj_4ch.ome.tiff,DG,2211.5956,0.2911,2026-06-30 22:16:17
2026_05_25__RecognizedCode_05-Scene-06-ScanRegion5_maxproj_4ch.ome.tiff,DG,2290.9707,0.214,2026-06-30 22:16:26
2026_05_25__RecognizedCode_05-Scene-07-ScanRegion6_maxproj_4ch.ome.tiff,DG,1969.2159,0.2876,2026-06-30 22:16:32
2026_05_25__RecognizedCode_05-Scene-08-ScanRegion7_maxproj_4ch.ome.tiff,DG,2024.9091,0.3189,2026-06-30 22:16:43
2026_05_25__RecognizedCode_05-Scene-09-ScanRegion8_maxproj_4ch.ome.tiff,DG,1678.3413,0.354,2026-06-30 22:16:56
2026_05_25__RecognizedCode_05-Scene-10-ScanRegion9_maxproj_4ch.ome.tiff,DG,2032.5132,0.3208,2026-06-30 22:17:06
2026_05_25__RecognizedCode_05-Scene-11-ScanRegion10_maxproj_4ch.ome.tiff,DG,2182.3402,0.2647,2026-06-30 22:17:27
2026_05_25__RecognizedCode_05-Scene-12-ScanRegion11_maxproj_4ch.ome.tiff,DG,2250.0422,0.2986,2026-06-30 22:17:36
2026_05_25__RecognizedCode_06-Scene-1-ScanRegion0_maxproj_4ch.ome.tiff,DG,2632.9712,0.2451,2026-06-30 22:17:52
2026_05_25__RecognizedCode_06-Scene-2-ScanRegion1_maxproj_4ch.ome.tiff,DG,2756.6543,0.3441,2026-06-30 22:18:04
2026_05_25__RecognizedCode_06-Scene-3-ScanRegion2_maxproj_4ch.ome.tiff,DG,2449.5467,0.331,2026-06-30 22:18:19
2026_05_25__RecognizedCode_06-Scene-4-ScanRegion3_maxproj_4ch.ome.tiff,DG,2494.3584,0.3207,2026-06-30 22:18:34
2026_05_25__RecognizedCode_06-Scene-5-ScanRegion4_maxproj_4ch.ome.tiff,DG,2969.8264,0.2803,2026-06-30 22:18:46
2026_05_25__RecognizedCode_06-Scene-6-ScanRegion5_maxproj_4ch.ome.tiff,DG,2899.1074,0.3662,2026-06-30 22:18:57
2026_05_25__RecognizedCode_06-Scene-7-ScanRegion6_maxproj_4ch.ome.tiff,DG,2953.3076,0.3574,2026-06-30 22:19:12
2026_05_25__RecognizedCode_06-Scene-8-ScanRegion7_maxproj_4ch.ome.tiff,DG,2422.1662,0.787,2026-06-30 22:19:34
2026_05_25__RecognizedCode_07-Scene-01-ScanRegion0_maxproj_4ch.ome.tiff,DG,1939.7334,0.4131,2026-06-30 22:19:53
2026_05_25__RecognizedCode_07-Scene-02-ScanRegion1_maxproj_4ch.ome.tiff,DG,1900.6740,0.2777,2026-06-30 22:20:22
2026_05_25__RecognizedCode_07-Scene-03-ScanRegion2_maxproj_4ch.ome.tiff,DG,3106.3189,0.2604,2026-06-30 22:20:38
2026_05_25__RecognizedCode_07-Scene-04-ScanRegion3_maxproj_4ch.ome.tiff,DG,1906.9306,0.375,2026-06-30 22:20:53
2026_05_25__RecognizedCode_07-Scene-05-ScanRegion4_maxproj_4ch.ome.tiff,DG,2000.0118,0.2625,2026-06-30 22:21:06
2026_05_25__RecognizedCode_07-Scene-06-ScanRegion5_maxproj_4ch.ome.tiff,DG,1834.3560,0.3883,2026-06-30 22:21:16
2026_05_25__RecognizedCode_07-Scene-07-ScanRegion6_maxproj_4ch.ome.tiff,DG,1887.4658,0.4579,2026-06-30 22:21:31
2026_05_25__RecognizedCode_07-Scene-08-ScanRegion7_maxproj_4ch.ome.tiff,DG,1865.9698,0.3167,2026-06-30 22:21:49
2026_05_25__RecognizedCode_07-Scene-09-ScanRegion8_maxproj_4ch.ome.tiff,DG,2096.5725,0.2695,2026-06-30 22:22:00
2026_05_25__RecognizedCode_07-Scene-10-ScanRegion9_maxproj_4ch.ome.tiff,DG,2009.6733,0.3216,2026-06-30 22:22:16
2026_05_25__RecognizedCode_07-Scene-11-ScanRegion10_maxproj_4ch.ome.tiff,DG,2052.6262,0.4751,2026-06-30 22:22:35
2026_05_25__RecognizedCode_07-Scene-12-ScanRegion11_maxproj_4ch.ome.tiff,DG,2018.7099,0.4189,2026-06-30 22:22:48
2026_05_25__RecognizedCode_07-Scene-13-ScanRegion12_maxproj_4ch.ome.tiff,DG,1790.9523,0.6822,2026-06-30 22:23:06
2026_05_25__RecognizedCode_07-Scene-14-ScanRegion13_maxproj_4ch.ome.tiff,DG,1549.3348,0.6376,2026-06-30 22:23:24
2026_05_25__RecognizedCode_07-Scene-15-ScanRegion14_maxproj_4ch.ome.tiff,DG,1876.9815,0.9181,2026-06-30 22:23:39
2026_05_25__RecognizedCode_08-Scene-01-ScanRegion0_maxproj_4ch.ome.tiff,DG,2801.9868,0.3472,2026-06-30 22:23:55
2026_05_25__RecognizedCode_08-Scene-02-ScanRegion1_maxproj_4ch.ome.tiff,DG,2994.5362,0.2809,2026-06-30 22:24:10
2026_05_25__RecognizedCode_08-Scene-03-ScanRegion2_maxproj_4ch.ome.tiff,DG,2747.6525,0.2907,2026-06-30 22:24:28
2026_05_25__RecognizedCode_08-Scene-04-ScanRegion3_maxproj_4ch.ome.tiff,DG,2687.8751,0.2526,2026-06-30 22:24:36
2026_05_25__RecognizedCode_08-Scene-05-ScanRegion4_maxproj_4ch.ome.tiff,DG,2669.8203,0.336,2026-06-30 22:24:50
2026_05_25__RecognizedCode_08-Scene-06-ScanRegion5_maxproj_4ch.ome.tiff,DG,2602.4092,0.3701,2026-06-30 22:25:18
2026_05_25__RecognizedCode_08-Scene-07-ScanRegion6_maxproj_4ch.ome.tiff,DG,2652.5768,0.3776,2026-06-30 22:25:34
2026_05_25__RecognizedCode_08-Scene-08-ScanRegion7_maxproj_4ch.ome.tiff,DG,2969.3897,0.362,2026-06-30 22:25:56
2026_05_25__RecognizedCode_08-Scene-09-ScanRegion8_maxproj_4ch.ome.tiff,DG,2361.2226,0.9157,2026-06-30 22:26:15
2026_05_25__RecognizedCode_08-Scene-10-ScanRegion9_maxproj_4ch.ome.tiff,DG,2392.2054,1.3433,2026-06-30 22:26:42
2026_05_25__RecognizedCode_08-Scene-11-ScanRegion10_maxproj_4ch.ome.tiff,DG,2636.6588,0.4012,2026-06-30 22:27:15
2026_05_25__RecognizedCode_08-Scene-12-ScanRegion11_maxproj_4ch.ome.tiff,DG,2471.0314,0.4087,2026-06-30 22:27:33
2026_05_25__RecognizedCode_08-Scene-13-ScanRegion12_maxproj_4ch.ome.tiff,DG,2430.1315,0.4699,2026-06-30 22:27:55
2026_05_25__RecognizedCode_08-Scene-14-ScanRegion13_maxproj_4ch.ome.tiff,DG,2268.9727,0.4645,2026-06-30 22:28:10
2026_05_25__RecognizedCode_08-Scene-15-ScanRegion14_maxproj_4ch.ome.tiff,DG,2647.3467,0.3627,2026-06-30 22:28:26
2026_05_25__RecognizedCode_08-Scene-16-ScanRegion15_maxproj_4ch.ome.tiff,DG,2717.3790,0.3496,2026-06-30 22:28:43
2026_05_25__RecognizedCode_09-Scene-01-ScanRegion0_maxproj_4ch.ome.tiff,DG,4300.8881,0.3166,2026-06-30 22:28:54
2026_05_25__RecognizedCode_09-Scene-02-ScanRegion1_maxproj_4ch.ome.tiff,DG,2853.1842,0.7681,2026-06-30 22:29:08
2026_05_25__RecognizedCode_09-Scene-04-ScanRegion3_maxproj_4ch.ome.tiff,DG,4611.7733,0.3592,2026-06-30 22:29:30
2026_05_25__RecognizedCode_09-Scene-05-ScanRegion4_maxproj_4ch.ome.tiff,DG,651.0194,0.7023,2026-06-30 22:29:39
2026_05_25__RecognizedCode_09-Scene-06-ScanRegion5_maxproj_4ch.ome.tiff,D,4305.9081,0.3999,2026-06-30 22:29:56
2026_05_25__RecognizedCode_09-Scene-07-ScanRegion6_maxproj_4ch.ome.tiff,DG,4596.0483,0.2941,2026-06-30 22:30:11
2026_05_25__RecognizedCode_09-Scene-08-ScanRegion7_maxproj_4ch.ome.tiff,DG,3602.6297,0.4505,2026-06-30 22:30:18
2026_05_25__RecognizedCode_09-Scene-09-ScanRegion8_maxproj_4ch.ome.tiff,DG,4158.4268,0.5431,2026-06-30 22:30:45
2026_05_25__RecognizedCode_10-Scene-01-ScanRegion0_maxproj_4ch.ome.tiff,DG,1780.8943,0.4481,2026-06-30 22:31:01
2026_05_25__RecognizedCode_10-Scene-02-ScanRegion1_maxproj_4ch.ome.tiff,DG,1615.6644,0.377,2026-06-30 22:31:14
2026_05_25__RecognizedCode_10-Scene-03-ScanRegion2_maxproj_4ch.ome.tiff,DG,1307.3223,0.6255,2026-06-30 22:31:22
2026_05_25__RecognizedCode_10-Scene-04-ScanRegion3_maxproj_4ch.ome.tiff,DG,1427.2419,0.3021,2026-06-30 22:31:39
2026_05_25__RecognizedCode_10-Scene-05-ScanRegion4_maxproj_4ch.ome.tiff,DG,1827.8049,0.4127,2026-06-30 22:31:46
2026_05_25__RecognizedCode_10-Scene-06-ScanRegion5_maxproj_4ch.ome.tiff,DG,1988.2960,0.3622,2026-06-30 22:31:55
2026_05_25__RecognizedCode_10-Scene-07-ScanRegion6_maxproj_4ch.ome.tiff,DG,1749.9462,0.3589,2026-06-30 22:32:03
2026_05_25__RecognizedCode_10-Scene-08-ScanRegion7_maxproj_4ch.ome.tiff,DG,1617.2714,0.4683,2026-06-30 22:32:13
2026_05_25__RecognizedCode_10-Scene-09-ScanRegion8_maxproj_4ch.ome.tiff,DG,1688.9965,0.4108,2026-06-30 22:32:26
2026_05_25__RecognizedCode_10-Scene-10-ScanRegion9_maxproj_4ch.ome.tiff,DG,1754.1605,0.4053,2026-06-30 22:32:36
2026_05_25__RecognizedCode_10-Scene-12-ScanRegion11_maxproj_4ch.ome.tiff,DG,2059.4345,0.3984,2026-06-30 22:32:57
2026_05_25__RecognizedCode_11-Scene-01-ScanRegion0_maxproj_4ch.ome.tiff,DG,2066.4076,0.3229,2026-06-30 22:33:10
2026_05_25__RecognizedCode_11-Scene-02-ScanRegion1_maxproj_4ch.ome.tiff,DG,2459.3348,0.3174,2026-06-30 22:33:20
2026_05_25__RecognizedCode_11-Scene-03-ScanRegion2_maxproj_4ch.ome.tiff,DG,1992.5547,0.3666,2026-06-30 22:33:28
2026_05_25__RecognizedCode_11-Scene-04-ScanRegion3_maxproj_4ch.ome.tiff,DG,2043.6405,0.3787,2026-06-30 22:33:37
2026_05_25__RecognizedCode_11-Scene-06-ScanRegion5_maxproj_4ch.ome.tiff,DG,2459.4603,0.3303,2026-06-30 22:33:56
2026_05_25__RecognizedCode_11-Scene-07-ScanRegion6_maxproj_4ch.ome.tiff,DG,2054.7827,0.4375,2026-06-30 22:34:06
2026_05_25__RecognizedCode_11-Scene-08-ScanRegion7_maxproj_4ch.ome.tiff,DG,2576.2272,0.307,2026-06-30 22:34:18
2026_05_25__RecognizedCode_11-Scene-09-ScanRegion8_maxproj_4ch.ome.tiff,DG,2170.5008,0.3666,2026-06-30 22:34:27
2026_05_25__RecognizedCode_11-Scene-10-ScanRegion9_maxproj_4ch.ome.tiff,DG,1837.0478,0.8757,2026-06-30 22:34:34
2026_05_25__RecognizedCode_11-Scene-11-ScanRegion10_maxproj_4ch.ome.tiff,DG,1938.3554,0.4107,2026-06-30 22:34:56
2026_05_25__RecognizedCode_11-Scene-12-ScanRegion11_maxproj_4ch.ome.tiff,DG,2205.7108,0.4012,2026-06-30 22:35:05
2026_05_25__RecognizedCode_11-Scene-13-ScanRegion12_maxproj_4ch.ome.tiff,DG,2275.3481,0.7105,2026-06-30 22:35:13
2026_05_25__RecognizedCode_12-Scene-01-ScanRegion0_maxproj_4ch.ome.tiff,DG,1616.0532,0.3837,2026-06-30 22:35:31
2026_05_25__RecognizedCode_12-Scene-02-ScanRegion1_maxproj_4ch.ome.tiff,DG,1577.7703,0.4666,2026-06-30 22:35:43
2026_05_25__RecognizedCode_12-Scene-03-ScanRegion2_maxproj_4ch.ome.tiff,DG,1642.5302,0.276,2026-06-30 22:35:55
2026_05_25__RecognizedCode_12-Scene-04-ScanRegion3_maxproj_4ch.ome.tiff,DG,1621.2155,0.3698,2026-06-30 22:36:03
2026_05_25__RecognizedCode_12-Scene-05-ScanRegion4_maxproj_4ch.ome.tiff,DG,1717.6869,0.2666,2026-06-30 22:36:18
2026_05_25__RecognizedCode_12-Scene-06-ScanRegion5_maxproj_4ch.ome.tiff,DG,1786.0740,0.2818,2026-06-30 22:36:36
2026_05_25__RecognizedCode_12-Scene-07-ScanRegion6_maxproj_4ch.ome.tiff,DG,854.2992,0.4135,2026-06-30 22:37:03
2026_05_25__RecognizedCode_12-Scene-08-ScanRegion7_maxproj_4ch.ome.tiff,DG,1005.7663,0.3986,2026-06-30 22:37:18
2026_05_25__RecognizedCode_12-Scene-09-ScanRegion8_maxproj_4ch.ome.tiff,DG,1527.1950,0.3863,2026-06-30 22:37:29
2026_05_25__RecognizedCode_12-Scene-10-ScanRegion9_maxproj_4ch.ome.tiff,DG,1694.5745,0.6918,2026-06-30 22:37:40
2026_05_25__RecognizedCode_01-Scene-03-ScanRegion2_maxproj_4ch.ome.tiff,DG,120.3113,1.4602,2026-06-30 22:37:58
2026_05_25__RecognizedCode_01-Scene-05-ScanRegion4_maxproj_4ch.ome.tiff,DG,2389.0531,0.3014,2026-06-30 22:38:11
2026_05_25__RecognizedCode_01-Scene-06-ScanRegion5_maxproj_4ch.ome.tiff,DG,2396.2881,0.3667,2026-06-30 22:38:24
2026_05_25__RecognizedCode_01-Scene-07-ScanRegion6_maxproj_4ch.ome.tiff,DG,2220.2502,0.362,2026-06-30 22:38:40
2026_05_25__RecognizedCode_01-Scene-08-ScanRegion7_maxproj_4ch.ome.tiff,DG,2234.4225,0.3346,2026-06-30 22:38:53
2026_05_25__RecognizedCode_01-Scene-09-ScanRegion8_maxproj_4ch.ome.tiff,DG,2155.5471,0.4017,2026-06-30 22:39:09
2026_05_25__RecognizedCode_01-Scene-10-ScanRegion9_maxproj_4ch.ome.tiff,DG,2269.2621,0.3822,2026-06-30 22:39:24
2026_05_25__RecognizedCode_01-Scene-11-ScanRegion10_maxproj_4ch.ome.tiff,DG,2190.7629,0.3957,2026-06-30 22:39:34
2026_05_25__RecognizedCode_01-Scene-12-ScanRegion11_maxproj_4ch.ome.tiff,DG,1826.8934,0.8962,2026-06-30 22:39:44
2026_05_25__RecognizedCode_01-Scene-13-ScanRegion12_maxproj_4ch.ome.tiff,DG,2228.5733,0.5307,2026-06-30 22:40:02
2026_05_25__RecognizedCode_02-Scene-01-ScanRegion0_maxproj_4ch.ome.tiff,DG,3345.9097,0.4067,2026-06-30 22:40:21
2026_05_25__RecognizedCode_02-Scene-02-ScanRegion1_maxproj_4ch.ome.tiff,DG,3192.1402,0.4421,2026-06-30 22:40:36
2026_05_25__RecognizedCode_02-Scene-03-ScanRegion2_maxproj_4ch.ome.tiff,DG,2946.0390,0.313,2026-06-30 22:40:49
2026_05_25__RecognizedCode_02-Scene-04-ScanRegion3_maxproj_4ch.ome.tiff,DG,1026.6988,0.3238,2026-06-30 22:41:02
2026_05_25__RecognizedCode_02-Scene-05-ScanRegion4_maxproj_4ch.ome.tiff,DG,2998.4900,0.3839,2026-06-30 22:41:18
2026_05_25__RecognizedCode_02-Scene-06-ScanRegion5_maxproj_4ch.ome.tiff,DG,3873.7912,0.2849,2026-06-30 22:41:29
2026_05_25__RecognizedCode_02-Scene-07-ScanRegion6_maxproj_4ch.ome.tiff,DG,2862.2520,0.2924,2026-06-30 22:41:39
2026_05_25__RecognizedCode_02-Scene-08-ScanRegion7_maxproj_4ch.ome.tiff,DG,3381.7075,0.3155,2026-06-30 22:41:50
2026_05_25__RecognizedCode_02-Scene-09-ScanRegion8_maxproj_4ch.ome.tiff,DG,2859.4443,0.4051,2026-06-30 22:41:57
