Image,Annotation,Nestin_Count,Nestin_Density_per_mm2,Nestin_Intensity_Threshold,SGZ_Area_mm2,Timestamp
2026_05_29__RecognizedCode_01-Scene-01-ScanRegion0_maxproj_4ch,SGZ,36,427.55,500.0,0.0842,2026-07-22 13:20:44
2026_05_29__RecognizedCode_01-Scene-02-ScanRegion1_maxproj_4ch,SGZ,67,674.72,500.0,0.0993,2026-07-22 13:20:56
2026_05_29__RecognizedCode_01-Scene-03-ScanRegion2_maxproj_4ch,SGZ,50,744.05,500.0,0.0672,2026-07-22 13:21:07
2026_05_29__RecognizedCode_01-Scene-04-ScanRegion3_maxproj_4ch,SGZ,55,840.98,500.0,0.0654,2026-07-22 13:21:17
2026_05_29__RecognizedCode_01-Scene-05-ScanRegion4_maxproj_4ch,SGZ,33,680.41,500.0,0.0485,2026-07-22 13:21:26
2026_05_29__RecognizedCode_01-Scene-06-ScanRegion5_maxproj_4ch,SGZ,21,429.45,500.0,0.0489,2026-07-22 13:21:37
2026_05_29__RecognizedCode_01-Scene-07-ScanRegion6_maxproj_4ch,SGZ,48,593.33,500.0,0.0809,2026-07-22 13:21:47
2026_05_29__RecognizedCode_01-Scene-08-ScanRegion7_maxproj_4ch,SGZ,66,571.92,500.0,0.1154,2026-07-22 13:22:02
2026_05_29__RecognizedCode_01-Scene-09-ScanRegion8_maxproj_4ch,SGZ,27,289.70,500.0,0.0932,2026-07-22 13:22:20
2026_05_29__RecognizedCode_01-Scene-10-ScanRegion9_maxproj_4ch,SGZ,45,769.23,500.0,0.0585,2026-07-22 13:22:36
2026_05_29__RecognizedCode_01-Scene-11-ScanRegion10_maxproj_4ch,SGZ,46,794.47,500.0,0.0579,2026-07-22 13:22:45
2026_05_29__RecognizedCode_01-Scene-12-ScanRegion11_maxproj_4ch,SGZ,136,487.28,500.0,0.2791,2026-07-22 13:23:16
2026_05_29__RecognizedCode_01-Scene-14-ScanRegion13_maxproj_4ch,SGZ,50,456.20,500.0,0.1096,2026-07-22 13:23:34
2026_05_29__RecognizedCode_02-Scene-02-ScanRegion1_maxproj_4ch,SGZ,57,729.83,500.0,0.0781,2026-07-22 13:23:51
2026_05_29__RecognizedCode_02-Scene-03-ScanRegion2_maxproj_4ch,SGZ,20,671.14,500.0,0.0298,2026-07-22 13:24:01
2026_05_29__RecognizedCode_02-Scene-05-ScanRegion4_maxproj_4ch,SGZ,38,786.75,500.0,0.0483,2026-07-22 13:24:13
2026_05_29__RecognizedCode_02-Scene-08-ScanRegion7_maxproj_4ch,SGZ,32,594.80,500.0,0.0538,2026-07-22 13:24:40
2026_05_29__RecognizedCode_02-Scene-09-ScanRegion8_maxproj_4ch,SGZ,21,506.02,500.0,0.0415,2026-07-22 13:24:50
2026_05_29__RecognizedCode_02-Scene-10-ScanRegion9_maxproj_4ch,SGZ,36,433.21,500.0,0.0831,2026-07-22 13:25:03
2026_05_29__RecognizedCode_02-Scene-11-ScanRegion10_maxproj_4ch,SGZ,59,606.37,500.0,0.0973,2026-07-22 13:25:16
2026_05_29__RecognizedCode_02-Scene-12-ScanRegion11_maxproj_4ch,SGZ,22,465.12,500.0,0.0473,2026-07-22 13:25:28
2026_05_29__RecognizedCode_02-Scene-13-ScanRegion12_maxproj_4ch,SGZ,32,426.10,500.0,0.0751,2026-07-22 13:25:43
2026_05_29__RecognizedCode_02-Scene-14-ScanRegion13_maxproj_4ch,SGZ,69,429.91,500.0,0.1605,2026-07-22 13:26:02
2026_05_29__RecognizedCode_03-Scene-01-ScanRegion0_maxproj_4ch,SGZ,58,584.68,500.0,0.0992,2026-07-22 13:26:18
2026_05_29__RecognizedCode_03-Scene-02-ScanRegion1_maxproj_4ch,SGZ,64,813.21,500.0,0.0787,2026-07-22 13:26:32
2026_05_29__RecognizedCode_03-Scene-03-ScanRegion2_maxproj_4ch,SGZ,73,663.03,500.0,0.1101,2026-07-22 13:26:43
2026_05_29__RecognizedCode_03-Scene-04-ScanRegion3_maxproj_4ch,SGZ,32,489.30,500.0,0.0654,2026-07-22 13:26:52
2026_05_29__RecognizedCode_03-Scene-05-ScanRegion4_maxproj_4ch,SGZ,49,616.35,500.0,0.0795,2026-07-22 13:27:03
2026_05_29__RecognizedCode_03-Scene-06-ScanRegion5_maxproj_4ch,SGZ,22,521.33,500.0,0.0422,2026-07-22 13:27:14
2026_05_29__RecognizedCode_03-Scene-07-ScanRegion6_maxproj_4ch,SGZ,26,465.12,500.0,0.0559,2026-07-22 13:27:24
2026_05_29__RecognizedCode_03-Scene-08-ScanRegion7_maxproj_4ch,SGZ,11,325.44,500.0,0.0338,2026-07-22 13:27:33
2026_05_29__RecognizedCode_03-Scene-09-ScanRegion8_maxproj_4ch,SGZ,27,360.96,500.0,0.0748,2026-07-22 13:27:46
2026_05_29__RecognizedCode_03-Scene-10-ScanRegion9_maxproj_4ch,SGZ,27,544.35,500.0,0.0496,2026-07-22 13:27:58
2026_05_29__RecognizedCode_03-Scene-11-ScanRegion10_maxproj_4ch,SGZ,40,399.60,500.0,0.1001,2026-07-22 13:28:10
2026_05_29__RecognizedCode_03-Scene-12-ScanRegion11_maxproj_4ch,SGZ,35,462.96,500.0,0.0756,2026-07-22 13:28:21
2026_05_29__RecognizedCode_03-Scene-13-ScanRegion12_maxproj_4ch,SGZ,114,545.19,500.0,0.2091,2026-07-22 13:28:39
2026_05_29__RecognizedCode_04-Scene-01-ScanRegion0_maxproj_4ch,SGZ,14,524.34,500.0,0.0267,2026-07-22 13:28:49
2026_05_29__RecognizedCode_04-Scene-02-ScanRegion1_maxproj_4ch,SGZ,24,727.27,500.0,0.033,2026-07-22 13:28:58
2026_05_29__RecognizedCode_04-Scene-03-ScanRegion2_maxproj_4ch,SGZ,26,515.87,500.0,0.0504,2026-07-22 13:29:09
2026_05_29__RecognizedCode_04-Scene-04-ScanRegion3_maxproj_4ch,SGZ,35,365.73,500.0,0.0957,2026-07-22 13:29:23
2026_05_29__RecognizedCode_04-Scene-05-ScanRegion4_maxproj_4ch,SGZ,31,688.89,500.0,0.045,2026-07-22 13:29:39
2026_05_29__RecognizedCode_04-Scene-06-ScanRegion5_maxproj_4ch,SGZ,29,381.58,500.0,0.076,2026-07-22 13:30:06
2026_05_29__RecognizedCode_04-Scene-07-ScanRegion6_maxproj_4ch,SGZ,43,612.54,500.0,0.0702,2026-07-22 13:30:58
2026_05_29__RecognizedCode_04-Scene-08-ScanRegion7_maxproj_4ch,SGZ,28,566.80,500.0,0.0494,2026-07-22 13:31:19
2026_05_29__RecognizedCode_04-Scene-09-ScanRegion8_maxproj_4ch,SGZ,30,587.08,500.0,0.0511,2026-07-22 13:31:44
2026_05_29__RecognizedCode_04-Scene-10-ScanRegion9_maxproj_4ch,SGZ,25,382.85,500.0,0.0653,2026-07-22 13:32:08
2026_05_29__RecognizedCode_04-Scene-11-ScanRegion10_maxproj_4ch,SGZ,45,728.16,500.0,0.0618,2026-07-22 13:32:46
2026_05_29__RecognizedCode_04-Scene-12-ScanRegion11_maxproj_4ch,SGZ,27,461.54,500.0,0.0585,2026-07-22 13:33:15
2026_05_29__RecognizedCode_04-Scene-14-ScanRegion13_maxproj_4ch,SGZ,35,527.11,500.0,0.0664,2026-07-22 13:33:58
2026_05_29__RecognizedCode_04-Scene-15-ScanRegion14_maxproj_4ch,SGZ,82,351.63,500.0,0.2332,2026-07-22 13:34:51
2026_05_29__RecognizedCode_05-Scene-01-ScanRegion0_maxproj_4ch,SGZ,45,583.66,500.0,0.0771,2026-07-22 13:35:05
2026_05_29__RecognizedCode_05-Scene-02-ScanRegion1_maxproj_4ch,SGZ,64,733.10,500.0,0.0873,2026-07-22 13:35:19
2026_05_29__RecognizedCode_05-Scene-03-ScanRegion2_maxproj_4ch,SGZ,56,450.16,500.0,0.1244,2026-07-22 13:35:37
2026_05_29__RecognizedCode_05-Scene-04-ScanRegion3_maxproj_4ch,SGZ,41,691.40,500.0,0.0593,2026-07-22 13:35:52
2026_05_29__RecognizedCode_05-Scene-05-ScanRegion4_maxproj_4ch,SGZ,11,476.19,500.0,0.0231,2026-07-22 13:36:01
2026_05_29__RecognizedCode_05-Scene-06-ScanRegion5_maxproj_4ch,SGZ,15,576.92,500.0,0.026,2026-07-22 13:36:09
2026_05_29__RecognizedCode_05-Scene-07-ScanRegion6_maxproj_4ch,SGZ,29,415.47,500.0,0.0698,2026-07-22 13:36:19
2026_05_29__RecognizedCode_05-Scene-08-ScanRegion7_maxproj_4ch,SGZ,53,443.89,500.0,0.1194,2026-07-22 13:36:37
2026_05_29__RecognizedCode_05-Scene-09-ScanRegion8_maxproj_4ch,SGZ,25,400.00,500.0,0.0625,2026-07-22 13:36:49
2026_05_29__RecognizedCode_05-Scene-10-ScanRegion9_maxproj_4ch,SGZ,53,627.96,500.0,0.0844,2026-07-22 13:37:07
2026_05_29__RecognizedCode_05-Scene-11-ScanRegion10_maxproj_4ch,SGZ,45,484.39,500.0,0.0929,2026-07-22 13:37:30
2026_05_29__RecognizedCode_05-Scene-12-ScanRegion11_maxproj_4ch,SGZ,58,533.09,500.0,0.1088,2026-07-22 13:37:54
2026_05_29__RecognizedCode_05-Scene-13-ScanRegion12_maxproj_4ch,SGZ,65,868.98,500.0,0.0748,2026-07-22 13:38:12
2026_05_29__RecognizedCode_05-Scene-14-ScanRegion13_maxproj_4ch,SGZ,46,651.56,500.0,0.0706,2026-07-22 13:38:29
2026_05_29__RecognizedCode_05-Scene-15-ScanRegion14_maxproj_4ch,SGZ,63,621.30,500.0,0.1014,2026-07-22 13:38:43
2026_05_29__RecognizedCode_05-Scene-16-ScanRegion15_maxproj_4ch,SGZ,61,726.19,500.0,0.084,2026-07-22 13:39:08
2026_05_29__RecognizedCode_05-Scene-17-ScanRegion16_maxproj_4ch,SGZ,39,378.64,500.0,0.103,2026-07-22 13:39:30
2026_05_29__RecognizedCode_05-Scene-18-ScanRegion17_maxproj_4ch,SGZ,59,612.67,500.0,0.0963,2026-07-22 13:39:41
2026_05_29__RecognizedCode_06-Scene-01-ScanRegion0_maxproj_4ch,SGZ,45,868.73,500.0,0.0518,2026-07-22 13:39:52
2026_05_29__RecognizedCode_06-Scene-02-ScanRegion1_maxproj_4ch,SGZ,28,536.40,500.0,0.0522,2026-07-22 13:40:05
2026_05_29__RecognizedCode_06-Scene-03-ScanRegion2_maxproj_4ch,SGZ,21,410.96,500.0,0.0511,2026-07-22 13:40:17
2026_05_29__RecognizedCode_06-Scene-04-ScanRegion3_maxproj_4ch,SGZ,39,553.98,500.0,0.0704,2026-07-22 13:40:36
2026_05_29__RecognizedCode_06-Scene-05-ScanRegion4_maxproj_4ch,SGZ,23,668.60,500.0,0.0344,2026-07-22 13:40:48
2026_05_29__RecognizedCode_06-Scene-06-ScanRegion5_maxproj_4ch,SGZ,61,754.02,500.0,0.0809,2026-07-22 13:41:00
2026_05_29__RecognizedCode_06-Scene-07-ScanRegion6_maxproj_4ch,SGZ,9,379.75,500.0,0.0237,2026-07-22 13:41:21
2026_05_29__RecognizedCode_06-Scene-08-ScanRegion7_maxproj_4ch,SGZ,43,610.80,500.0,0.0704,2026-07-22 13:41:39
2026_05_29__RecognizedCode_06-Scene-09-ScanRegion8_maxproj_4ch,SGZ,30,316.46,500.0,0.0948,2026-07-22 13:41:51
2026_05_29__RecognizedCode_06-Scene-10-ScanRegion9_maxproj_4ch,SGZ,60,567.64,500.0,0.1057,2026-07-22 13:42:06
2026_05_29__RecognizedCode_06-Scene-11-ScanRegion10_maxproj_4ch,SGZ,42,449.68,500.0,0.0934,2026-07-22 13:42:20
2026_05_29__RecognizedCode_06-Scene-12-ScanRegion11_maxproj_4ch,SGZ,55,534.50,500.0,0.1029,2026-07-22 13:42:35
2026_05_29__RecognizedCode_06-Scene-13-ScanRegion12_maxproj_4ch,SGZ,40,460.83,500.0,0.0868,2026-07-22 13:42:48
2026_05_29__RecognizedCode_06-Scene-14-ScanRegion13_maxproj_4ch,SGZ,35,500.72,500.0,0.0699,2026-07-22 13:43:00
2026_05_29__RecognizedCode_06-Scene-15-ScanRegion14_maxproj_4ch,SGZ,31,432.96,500.0,0.0716,2026-07-22 13:43:09
2026_05_29__RecognizedCode_06-Scene-16-ScanRegion15_maxproj_4ch,SGZ,29,493.20,500.0,0.0588,2026-07-22 13:43:19
2026_05_29__RecognizedCode_06-Scene-17-ScanRegion16_maxproj_4ch,SGZ,45,655.02,500.0,0.0687,2026-07-22 13:43:33
2026_05_29__RecognizedCode_06-Scene-18-ScanRegion17_maxproj_4ch,SGZ,37,452.88,500.0,0.0817,2026-07-22 13:43:51
2026_05_29__RecognizedCode_07-Scene-02-ScanRegion1_maxproj_4ch,SGZ,37,432.75,500.0,0.0855,2026-07-22 13:44:07
2026_05_29__RecognizedCode_07-Scene-03-ScanRegion2_maxproj_4ch,SGZ,30,429.18,500.0,0.0699,2026-07-22 13:44:18
2026_05_29__RecognizedCode_07-Scene-04-ScanRegion3_maxproj_4ch,SGZ,43,409.13,500.0,0.1051,2026-07-22 13:44:30
2026_05_29__RecognizedCode_07-Scene-05-ScanRegion4_maxproj_4ch,SGZ,31,332.26,500.0,0.0933,2026-07-22 13:44:42
2026_05_29__RecognizedCode_07-Scene-06-ScanRegion5_maxproj_4ch,SGZ,50,699.30,500.0,0.0715,2026-07-22 13:45:13
2026_05_29__RecognizedCode_07-Scene-07-ScanRegion6_maxproj_4ch,SGZ,58,557.69,500.0,0.104,2026-07-22 13:45:30
2026_05_29__RecognizedCode_07-Scene-08-ScanRegion7_maxproj_4ch,SGZ,44,403.30,500.0,0.1091,2026-07-22 13:45:45
2026_05_29__RecognizedCode_07-Scene-09-ScanRegion8_maxproj_4ch,SGZ,55,672.37,500.0,0.0818,2026-07-22 13:45:54
2026_05_29__RecognizedCode_07-Scene-10-ScanRegion9_maxproj_4ch,SGZ,23,397.92,500.0,0.0578,2026-07-22 13:46:07
2026_05_29__RecognizedCode_07-Scene-11-ScanRegion10_maxproj_4ch,SGZ,36,518.73,500.0,0.0694,2026-07-22 13:46:16
2026_05_29__RecognizedCode_07-Scene-12-ScanRegion11_maxproj_4ch,SGZ,37,680.15,500.0,0.0544,2026-07-22 13:46:29
2026_05_29__RecognizedCode_07-Scene-13-ScanRegion12_maxproj_4ch,SGZ,28,429.45,500.0,0.0652,2026-07-22 13:46:44
2026_05_29__RecognizedCode_07-Scene-14-ScanRegion13_maxproj_4ch,SGZ,50,639.39,500.0,0.0782,2026-07-22 13:47:00
2026_05_29__RecognizedCode_07-Scene-15-ScanRegion14_maxproj_4ch,SGZ,64,322.26,500.0,0.1986,2026-07-22 13:47:22
2026_05_29__RecognizedCode_07-Scene-16-ScanRegion15_maxproj_4ch,SGZ,38,381.14,500.0,0.0997,2026-07-22 13:47:37
2026_05_29__RecognizedCode_07-Scene-17-ScanRegion16_maxproj_4ch,SGZ,68,409.64,500.0,0.166,2026-07-22 13:47:56
2026_05_29__RecognizedCode_08-Scene-02-ScanRegion1_maxproj_4ch,SGZ,49,482.76,500.0,0.1015,2026-07-22 13:48:16
2026_05_29__RecognizedCode_08-Scene-03-ScanRegion2_maxproj_4ch,SGZ,48,581.11,500.0,0.0826,2026-07-22 13:48:30
2026_05_29__RecognizedCode_08-Scene-04-ScanRegion3_maxproj_4ch,SGZ,60,450.45,500.0,0.1332,2026-07-22 13:48:46
2026_05_29__RecognizedCode_08-Scene-05-ScanRegion4_maxproj_4ch,SGZ,71,584.36,500.0,0.1215,2026-07-22 13:49:01
2026_05_29__RecognizedCode_08-Scene-06-ScanRegion5_maxproj_4ch,SGZ,46,411.08,500.0,0.1119,2026-07-22 13:49:22
2026_05_29__RecognizedCode_08-Scene-07-ScanRegion6_maxproj_4ch,SGZ,45,401.07,500.0,0.1122,2026-07-22 13:49:41
2026_05_29__RecognizedCode_08-Scene-08-ScanRegion7_maxproj_4ch,SGZ,32,307.99,500.0,0.1039,2026-07-22 13:49:54
2026_05_29__RecognizedCode_08-Scene-09-ScanRegion8_maxproj_4ch,SGZ,49,523.50,500.0,0.0936,2026-07-22 13:50:05
2026_05_29__RecognizedCode_08-Scene-10-ScanRegion9_maxproj_4ch,SGZ,44,519.48,500.0,0.0847,2026-07-22 13:50:17
2026_05_29__RecognizedCode_08-Scene-11-ScanRegion10_maxproj_4ch,SGZ,33,598.91,500.0,0.0551,2026-07-22 13:50:29
2026_05_29__RecognizedCode_08-Scene-12-ScanRegion11_maxproj_4ch,SGZ,30,332.23,500.0,0.0903,2026-07-22 13:50:41
2026_05_29__RecognizedCode_08-Scene-13-ScanRegion12_maxproj_4ch,SGZ,35,441.36,500.0,0.0793,2026-07-22 13:50:51
2026_05_29__RecognizedCode_09-Scene-02-ScanRegion1_maxproj_4ch,SGZ,63,646.82,500.0,0.0974,2026-07-22 13:51:01
2026_05_29__RecognizedCode_09-Scene-04-ScanRegion3_maxproj_4ch,SGZ,51,694.82,500.0,0.0734,2026-07-22 13:51:15
2026_05_29__RecognizedCode_09-Scene-05-ScanRegion4_maxproj_4ch,SGZ,45,836.43,500.0,0.0538,2026-07-22 13:51:27
2026_05_29__RecognizedCode_09-Scene-06-ScanRegion5_maxproj_4ch,SGZ,46,802.79,500.0,0.0573,2026-07-22 13:51:38
2026_05_29__RecognizedCode_09-Scene-08-ScanRegion7_maxproj_4ch,SGZ,63,727.48,500.0,0.0866,2026-07-22 13:51:57
2026_05_29__RecognizedCode_09-Scene-09-ScanRegion8_maxproj_4ch,SGZ,67,572.65,500.0,0.117,2026-07-22 13:52:15
2026_05_29__RecognizedCode_09-Scene-10-ScanRegion9_maxproj_4ch,SGZ,57,852.02,500.0,0.0669,2026-07-22 13:52:30
2026_05_29__RecognizedCode_09-Scene-11-ScanRegion10_maxproj_4ch,SGZ,45,661.76,500.0,0.068,2026-07-22 13:52:40
2026_05_29__RecognizedCode_09-Scene-12-ScanRegion11_maxproj_4ch,SGZ,28,550.10,500.0,0.0509,2026-07-22 13:52:54
2026_05_29__RecognizedCode_09-Scene-13-ScanRegion12_maxproj_4ch,SGZ,32,657.08,500.0,0.0487,2026-07-22 13:53:04
2026_05_29__RecognizedCode_09-Scene-14-ScanRegion13_maxproj_4ch,SGZ,41,694.92,500.0,0.059,2026-07-22 13:53:15
2026_05_29__RecognizedCode_09-Scene-15-ScanRegion14_maxproj_4ch,SGZ,28,495.58,500.0,0.0565,2026-07-22 13:53:28
2026_05_29__RecognizedCode_09-Scene-17-ScanRegion16_maxproj_4ch,SGZ,57,750.99,500.0,0.0759,2026-07-22 13:53:48
2026_05_29__RecognizedCode_09-Scene-18-ScanRegion17_maxproj_4ch,SGZ,32,344.46,500.0,0.0929,2026-07-22 13:54:00
2026_05_29__RecognizedCode_10-Scene-01-ScanRegion0_maxproj_4ch,SGZ,30,495.87,500.0,0.0605,2026-07-22 13:54:19
2026_05_29__RecognizedCode_10-Scene-02-ScanRegion1_maxproj_4ch,SGZ,33,335.03,500.0,0.0985,2026-07-22 13:54:39
2026_05_29__RecognizedCode_10-Scene-03-ScanRegion2_maxproj_4ch,SGZ,19,200.42,500.0,0.0948,2026-07-22 13:54:51
2026_05_29__RecognizedCode_10-Scene-04-ScanRegion3_maxproj_4ch,SGZ,23,480.17,500.0,0.0479,2026-07-22 13:55:00
2026_05_29__RecognizedCode_10-Scene-05-ScanRegion4_maxproj_4ch,SGZ,25,324.68,500.0,0.077,2026-07-22 13:55:10
2026_05_29__RecognizedCode_10-Scene-06-ScanRegion5_maxproj_4ch,SGZ,64,516.13,500.0,0.124,2026-07-22 13:55:26
2026_05_29__RecognizedCode_10-Scene-07-ScanRegion6_maxproj_4ch,SGZ,44,352.56,500.0,0.1248,2026-07-22 13:55:43
2026_05_29__RecognizedCode_10-Scene-08-ScanRegion7_maxproj_4ch,SGZ,56,458.27,500.0,0.1222,2026-07-22 13:55:55
2026_05_29__RecognizedCode_10-Scene-09-ScanRegion8_maxproj_4ch,SGZ,47,677.23,500.0,0.0694,2026-07-22 13:56:11
2026_05_29__RecognizedCode_10-Scene-10-ScanRegion9_maxproj_4ch,SGZ,46,568.60,500.0,0.0809,2026-07-22 13:56:32
2026_05_29__RecognizedCode_10-Scene-11-ScanRegion10_maxproj_4ch,SGZ,34,416.16,500.0,0.0817,2026-07-22 13:57:18
2026_05_29__RecognizedCode_10-Scene-12-ScanRegion11_maxproj_4ch,SGZ,34,343.78,500.0,0.0989,2026-07-22 13:57:38
2026_05_29__RecognizedCode_10-Scene-13-ScanRegion12_maxproj_4ch,SGZ,57,531.72,500.0,0.1072,2026-07-22 13:57:53
2026_05_29__RecognizedCode_11-Scene-01-ScanRegion0_maxproj_4ch,SGZ,41,468.04,500.0,0.0876,2026-07-22 13:58:08
2026_05_29__RecognizedCode_11-Scene-03-ScanRegion2_maxproj_4ch,SGZ,33,338.46,500.0,0.0975,2026-07-22 13:58:22
2026_05_29__RecognizedCode_11-Scene-04-ScanRegion3_maxproj_4ch,SGZ,31,396.93,500.0,0.0781,2026-07-22 13:58:41
2026_05_29__RecognizedCode_11-Scene-06-ScanRegion5_maxproj_4ch,SGZ,54,443.71,500.0,0.1217,2026-07-22 13:59:03
2026_05_29__RecognizedCode_11-Scene-07-ScanRegion6_maxproj_4ch,SGZ,49,442.64,500.0,0.1107,2026-07-22 13:59:21
2026_05_29__RecognizedCode_11-Scene-08-ScanRegion7_maxproj_4ch,SGZ,37,416.20,500.0,0.0889,2026-07-22 13:59:46
2026_05_29__RecognizedCode_11-Scene-09-ScanRegion8_maxproj_4ch,SGZ,54,557.28,500.0,0.0969,2026-07-22 13:59:58
2026_05_29__RecognizedCode_11-Scene-10-ScanRegion9_maxproj_4ch,SGZ,32,479.76,500.0,0.0667,2026-07-22 14:00:09
2026_05_29__RecognizedCode_11-Scene-11-ScanRegion10_maxproj_4ch,SGZ,25,381.68,500.0,0.0655,2026-07-22 14:00:22
2026_05_29__RecognizedCode_11-Scene-12-ScanRegion11_maxproj_4ch,SGZ,54,353.17,500.0,0.1529,2026-07-22 14:00:37
2026_05_29__RecognizedCode_11-Scene-13-ScanRegion12_maxproj_4ch,SGZ,52,600.46,500.0,0.0866,2026-07-22 14:00:50
2026_05_29__RecognizedCode_11-Scene-14-ScanRegion13_maxproj_4ch,SGZ,18,289.39,500.0,0.0622,2026-07-22 14:01:00
2026_05_29__RecognizedCode_11-Scene-15-ScanRegion14_maxproj_4ch,SGZ,51,604.98,500.0,0.0843,2026-07-22 14:01:15
2026_05_29__RecognizedCode_12-Scene-02-ScanRegion1_maxproj_4ch,SGZ,53,679.49,500.0,0.078,2026-07-22 14:01:33
2026_05_29__RecognizedCode_12-Scene-03-ScanRegion2_maxproj_4ch,SGZ,24,277.46,500.0,0.0865,2026-07-22 14:01:43
2026_05_29__RecognizedCode_12-Scene-04-ScanRegion3_maxproj_4ch,SGZ,29,338.39,500.0,0.0857,2026-07-22 14:01:53
2026_05_29__RecognizedCode_12-Scene-05-ScanRegion4_maxproj_4ch,SGZ,71,641.37,500.0,0.1107,2026-07-22 14:02:07
2026_05_29__RecognizedCode_12-Scene-06-ScanRegion5_maxproj_4ch,SGZ,50,584.80,500.0,0.0855,2026-07-22 14:02:20
2026_05_29__RecognizedCode_12-Scene-08-ScanRegion7_maxproj_4ch,SGZ,26,359.12,500.0,0.0724,2026-07-22 14:02:35
2026_05_29__RecognizedCode_12-Scene-09-ScanRegion8_maxproj_4ch,SGZ,46,595.85,500.0,0.0772,2026-07-22 14:02:45
2026_05_29__RecognizedCode_12-Scene-10-ScanRegion9_maxproj_4ch,SGZ,40,516.80,500.0,0.0774,2026-07-22 14:02:59
